config,scope,individual,window_size,step_size,n_cells,n_windows,n_covered_unique_cells,cell_coverage_fraction,parameter_min,parameter_max,strict_increment_fraction,tie_fraction,parameters_non_decreasing,parameters_strictly_increasing,all_expected_states_present,trajectory_shape,trajectory_values_finite
sensitivity_w300_s75,shared_backbone,18489,300,75,5031,64,5025,0.9988073941562313,0.008365918,0.33052872,1.0,0.0,True,True,True,64x300x50,True
sensitivity_w300_s75,shared_backbone,18499,300,75,12012,157,12000,0.999000999000999,0.009174377000000001,0.35088231999999997,1.0,0.0,True,True,True,157x300x50,True
sensitivity_w300_s75,shared_backbone,18505,300,75,6131,78,6075,0.9908660903604632,0.010670827,0.33935088,1.0,0.0,True,True,True,78x300x50,True
sensitivity_w300_s75,shared_backbone,18508,300,75,7834,101,7800,0.9956599438345672,0.00738428475,0.34004181499999997,1.0,0.0,True,True,True,101x300x50,True
sensitivity_w300_s75,shared_backbone,18511,300,75,10768,140,10725,0.9960066864784547,0.00714912,0.35132421,1.0,0.0,True,True,True,140x300x50,True
sensitivity_w300_s75,shared_backbone,18517,300,75,6993,90,6975,0.9974259974259975,0.009215432249999999,0.35022321,1.0,0.0,True,True,True,90x300x50,True
sensitivity_w300_s75,shared_backbone,18520,300,75,7653,99,7650,0.999607996863975,0.012137932,0.350364655,1.0,0.0,True,True,True,99x300x50,True
sensitivity_w300_s75,shared_backbone,18855,300,75,4049,50,3975,0.9817238824401087,0.0124110445,0.33437242,1.0,0.0,True,True,True,50x300x50,True
sensitivity_w300_s75,shared_backbone,18858,300,75,10649,138,10575,0.9930509907033525,0.007924894,0.351428795,1.0,0.0,True,True,True,138x300x50,True
sensitivity_w300_s75,shared_backbone,18870,300,75,11109,145,11100,0.9991898460707535,0.006503344499999999,0.355285125,1.0,0.0,True,True,True,145x300x50,True
sensitivity_w300_s75,shared_backbone,18907,300,75,5048,64,5025,0.9954437400950872,0.012679761500000001,0.342367205,1.0,0.0,True,True,True,64x300x50,True
sensitivity_w300_s75,shared_backbone,18912,300,75,10302,134,10275,0.9973791496796739,0.0071231108000000005,0.374589905,1.0,0.0,True,True,True,134x300x50,True
sensitivity_w300_s75,shared_backbone,19093,300,75,12915,169,12900,0.9988385598141696,0.0108430015,0.34971204499999997,1.0,0.0,True,True,True,169x300x50,True
sensitivity_w300_s75,shared_backbone,19108,300,75,3594,44,3525,0.9808013355592654,0.01228463625,0.31004548499999995,1.0,0.0,True,True,True,44x300x50,True
sensitivity_w300_s75,shared_backbone,19127,300,75,6183,79,6150,0.9946627850557982,0.008907017,0.37352534000000004,1.0,0.0,True,True,True,79x300x50,True
sensitivity_w300_s75,shared_backbone,19159,300,75,5944,76,5925,0.9968034993270525,0.010642195,0.40821942499999997,1.0,0.0,True,True,True,76x300x50,True
sensitivity_w300_s75,shared_backbone,19190,300,75,8744,113,8700,0.994967978042086,0.008112502,0.3672752,1.0,0.0,True,True,True,113x300x50,True
sensitivity_w300_s75,shared_backbone,19193,300,75,5925,76,5925,1.0,0.00867666,0.36755977500000003,1.0,0.0,True,True,True,76x300x50,True
sensitivity_w300_s75,shared_backbone,19209,300,75,8892,115,8850,0.99527665317139,0.009003258,0.37206294,1.0,0.0,True,True,True,115x300x50,True
sensitivity_w300_s75,cm_extension,18489,300,75,6857,88,6825,0.9953332361090856,0.008365918,0.7742872000000001,1.0,0.0,True,True,True,88x300x50,True
sensitivity_w300_s75,cm_extension,18499,300,75,13616,178,13575,0.9969888366627497,0.009174377000000001,0.6582487850000001,1.0,0.0,True,True,True,178x300x50,True
sensitivity_w300_s75,cm_extension,18505,300,75,7488,96,7425,0.9915865384615384,0.010670827,0.795588565,1.0,0.0,True,True,True,96x300x50,True
sensitivity_w300_s75,cm_extension,18508,300,75,9279,120,9225,0.9941804073714839,0.00738428475,0.8471157,1.0,0.0,True,True,True,120x300x50,True
sensitivity_w300_s75,cm_extension,18511,300,75,12139,158,12075,0.9947277370458851,0.00714912,0.649413335,1.0,0.0,True,True,True,158x300x50,True
sensitivity_w300_s75,cm_extension,18517,300,75,9530,124,9525,0.9994753410283316,0.009215432249999999,0.77796643,1.0,0.0,True,True,True,124x300x50,True
sensitivity_w300_s75,cm_extension,18520,300,75,8402,109,8400,0.9997619614377529,0.012137932,0.639629365,1.0,0.0,True,True,True,109x300x50,True
sensitivity_w300_s75,cm_extension,18855,300,75,4764,60,4725,0.9918136020151134,0.0124110445,0.478234575,1.0,0.0,True,True,True,60x300x50,True
sensitivity_w300_s75,cm_extension,18858,300,75,12192,159,12150,0.9965551181102362,0.007924894,0.74360862,1.0,0.0,True,True,True,159x300x50,True
sensitivity_w300_s75,cm_extension,18870,300,75,11604,151,11550,0.9953464322647363,0.006503344499999999,0.37247054,1.0,0.0,True,True,True,151x300x50,True
sensitivity_w300_s75,cm_extension,18907,300,75,5799,74,5775,0.9958613554061045,0.012679761500000001,0.582745665,1.0,0.0,True,True,True,74x300x50,True
sensitivity_w300_s75,cm_extension,18912,300,75,13123,171,13050,0.9944372475805837,0.0071231108000000005,0.8515687000000001,1.0,0.0,True,True,True,171x300x50,True
sensitivity_w300_s75,cm_extension,19093,300,75,15467,203,15450,0.9989008857567725,0.0108430015,0.85052102,1.0,0.0,True,True,True,203x300x50,True
sensitivity_w300_s75,cm_extension,19108,300,75,3760,47,3750,0.9973404255319149,0.01228463625,0.33849027499999995,1.0,0.0,True,True,True,47x300x50,True
sensitivity_w300_s75,cm_extension,19193,300,75,6881,88,6825,0.9918616480162767,0.00867666,0.52093135,1.0,0.0,True,True,True,88x300x50,True
sensitivity_w300_s75,cm_extension,19209,300,75,9782,127,9750,0.9967286853404211,0.009003258,0.6121491,1.0,0.0,True,True,True,127x300x50,True
sensitivity_w300_s75,cf_extension,18489,300,75,6573,84,6525,0.9926973984481972,0.008365918,0.40836466,1.0,0.0,True,True,True,84x300x50,True
sensitivity_w300_s75,cf_extension,18508,300,75,12482,163,12450,0.9974363082839288,0.00738428475,0.45170021000000005,1.0,0.0,True,True,True,163x300x50,True
sensitivity_w300_s75,cf_extension,18511,300,75,12928,169,12900,0.9978341584158416,0.00714912,0.434431,1.0,0.0,True,True,True,169x300x50,True
sensitivity_w300_s75,cf_extension,18517,300,75,7259,93,7200,0.9918721586995454,0.009215432249999999,0.352208925,1.0,0.0,True,True,True,93x300x50,True
sensitivity_w300_s75,cf_extension,18520,300,75,10552,137,10500,0.9950720242608037,0.012137932,0.44203687999999997,1.0,0.0,True,True,True,137x300x50,True
sensitivity_w300_s75,cf_extension,18855,300,75,8690,112,8625,0.9925201380897584,0.0124110445,0.44975002,1.0,0.0,True,True,True,112x300x50,True
sensitivity_w300_s75,cf_extension,18907,300,75,8271,107,8250,0.9974610083424011,0.012679761500000001,0.437807695,1.0,0.0,True,True,True,107x300x50,True
sensitivity_w300_s75,cf_extension,18912,300,75,11100,145,11100,1.0,0.0071231108000000005,0.400937075,1.0,0.0,True,True,True,145x300x50,True
sensitivity_w300_s75,cf_extension,19093,300,75,16072,211,16050,0.9986311597809856,0.0108430015,0.44988659,1.0,0.0,True,True,True,211x300x50,True
sensitivity_w300_s75,cf_extension,19108,300,75,3775,47,3750,0.9933774834437086,0.01228463625,0.34072692,1.0,0.0,True,True,True,47x300x50,True
sensitivity_w300_s75,cf_extension,19127,300,75,10127,132,10125,0.9998025081465389,0.008907017,0.45227478499999996,1.0,0.0,True,True,True,132x300x50,True
sensitivity_w300_s75,cf_extension,19159,300,75,12853,168,12825,0.9978215202676418,0.010642195,0.45923565499999996,1.0,0.0,True,True,True,168x300x50,True
sensitivity_w300_s75,cf_extension,19190,300,75,16915,222,16875,0.997635234998522,0.008112502,0.454720305,1.0,0.0,True,True,True,222x300x50,True
sensitivity_w300_s75,cf_extension,19193,300,75,8964,116,8925,0.9956492637215528,0.00867666,0.446721125,1.0,0.0,True,True,True,116x300x50,True
sensitivity_w300_s75,cf_extension,19209,300,75,9043,117,9000,0.9952449408382174,0.009003258,0.37544447000000003,1.0,0.0,True,True,True,117x300x50,True
primary_w400_s100,shared_backbone,18489,400,100,5031,47,5000,0.9938382031405287,0.0093122065,0.32634978000000003,1.0,0.0,True,True,True,47x400x50,True
primary_w400_s100,shared_backbone,18499,400,100,12012,117,12000,0.999000999000999,0.0105001885,0.345389095,1.0,0.0,True,True,True,117x400x50,True
primary_w400_s100,shared_backbone,18505,400,100,6131,58,6100,0.9949437285923993,0.012318797499999999,0.33720859999999997,1.0,0.0,True,True,True,58x400x50,True
primary_w400_s100,shared_backbone,18508,400,100,7834,75,7800,0.9956599438345672,0.008214258,0.3386987,1.0,0.0,True,True,True,75x400x50,True
primary_w400_s100,shared_backbone,18511,400,100,10768,104,10700,0.9936849925705795,0.008324772000000001,0.34631432,1.0,0.0,True,True,True,104x400x50,True
primary_w400_s100,shared_backbone,18517,400,100,6993,66,6900,0.9867009867009867,0.0107778705,0.3413911,1.0,0.0,True,True,True,66x400x50,True
primary_w400_s100,shared_backbone,18520,400,100,7653,73,7600,0.9930746112635568,0.013443681499999999,0.340759455,1.0,0.0,True,True,True,73x400x50,True
primary_w400_s100,shared_backbone,18855,400,100,4049,37,4000,0.9878982464806125,0.01420406175,0.33273144,1.0,0.0,True,True,True,37x400x50,True
primary_w400_s100,shared_backbone,18858,400,100,10649,103,10600,0.9953986289792469,0.008778636,0.34914847000000004,1.0,0.0,True,True,True,103x400x50,True
primary_w400_s100,shared_backbone,18870,400,100,11109,108,11100,0.9991898460707535,0.0072889432,0.35179528,1.0,0.0,True,True,True,108x400x50,True
primary_w400_s100,shared_backbone,18907,400,100,5048,47,5000,0.9904912836767037,0.014147929,0.337738305,1.0,0.0,True,True,True,47x400x50,True
primary_w400_s100,shared_backbone,18912,400,100,10302,100,10300,0.9998058629392351,0.0080636965,0.3727237,1.0,0.0,True,True,True,100x400x50,True
primary_w400_s100,shared_backbone,19093,400,100,12915,126,12900,0.9988385598141696,0.012019524,0.346556335,1.0,0.0,True,True,True,126x400x50,True
primary_w400_s100,shared_backbone,19108,400,100,3594,32,3500,0.9738452977184195,0.013453955,0.29461435,1.0,0.0,True,True,True,32x400x50,True
primary_w400_s100,shared_backbone,19127,400,100,6183,58,6100,0.9865760957464014,0.009876764,0.36445006999999996,1.0,0.0,True,True,True,58x400x50,True
primary_w400_s100,shared_backbone,19159,400,100,5944,56,5900,0.9925975773889637,0.011886392999999999,0.401277645,1.0,0.0,True,True,True,56x400x50,True
primary_w400_s100,shared_backbone,19190,400,100,8744,84,8700,0.994967978042086,0.008986359499999999,0.364080545,1.0,0.0,True,True,True,84x400x50,True
primary_w400_s100,shared_backbone,19193,400,100,5925,56,5900,0.9957805907172996,0.009603269,0.35780535,1.0,0.0,True,True,True,56x400x50,True
primary_w400_s100,shared_backbone,19209,400,100,8892,85,8800,0.9896536212325686,0.010101056,0.365858085,1.0,0.0,True,True,True,85x400x50,True
primary_w400_s100,cm_extension,18489,400,100,6857,65,6800,0.9916873268193087,0.0093122065,0.73342248,1.0,0.0,True,True,True,65x400x50,True
primary_w400_s100,cm_extension,18499,400,100,13616,133,13600,0.9988249118683902,0.0105001885,0.6397139000000001,1.0,0.0,True,True,True,133x400x50,True
primary_w400_s100,cm_extension,18505,400,100,7488,71,7400,0.9882478632478633,0.012318797499999999,0.7460287,1.0,0.0,True,True,True,71x400x50,True
primary_w400_s100,cm_extension,18508,400,100,9279,89,9200,0.9914861515249488,0.008214258,0.82214742,1.0,0.0,True,True,True,89x400x50,True
primary_w400_s100,cm_extension,18511,400,100,12139,118,12100,0.9967872147623362,0.008324772000000001,0.63081645,1.0,0.0,True,True,True,118x400x50,True
primary_w400_s100,cm_extension,18517,400,100,9530,92,9500,0.9968520461699895,0.0107778705,0.7437650849999999,1.0,0.0,True,True,True,92x400x50,True
primary_w400_s100,cm_extension,18520,400,100,8402,81,8400,0.9997619614377529,0.013443681499999999,0.5861136,1.0,0.0,True,True,True,81x400x50,True
primary_w400_s100,cm_extension,18855,400,100,4764,44,4700,0.9865659109991604,0.01420406175,0.420748335,1.0,0.0,True,True,True,44x400x50,True
primary_w400_s100,cm_extension,18858,400,100,12192,118,12100,0.9924540682414699,0.008778636,0.679256945,1.0,0.0,True,True,True,118x400x50,True
primary_w400_s100,cm_extension,18870,400,100,11604,113,11600,0.9996552912788693,0.0072889432,0.37247054,1.0,0.0,True,True,True,113x400x50,True
primary_w400_s100,cm_extension,18907,400,100,5799,54,5700,0.9829280910501811,0.014147929,0.42500528000000004,1.0,0.0,True,True,True,54x400x50,True
primary_w400_s100,cm_extension,18912,400,100,13123,128,13100,0.9982473519774442,0.0080636965,0.8515687000000001,1.0,0.0,True,True,True,128x400x50,True
primary_w400_s100,cm_extension,19093,400,100,15467,151,15400,0.9956681968061033,0.012019524,0.8289179200000001,1.0,0.0,True,True,True,151x400x50,True
primary_w400_s100,cm_extension,19108,400,100,3760,34,3700,0.9840425531914894,0.013453955,0.32432611499999997,1.0,0.0,True,True,True,34x400x50,True
primary_w400_s100,cm_extension,19193,400,100,6881,65,6800,0.9882284551664002,0.009603269,0.43576476,1.0,0.0,True,True,True,65x400x50,True
primary_w400_s100,cm_extension,19209,400,100,9782,94,9700,0.9916172561848293,0.010101056,0.49666047,1.0,0.0,True,True,True,94x400x50,True
primary_w400_s100,cf_extension,18489,400,100,6573,62,6500,0.9888939601399666,0.0093122065,0.39761314999999997,1.0,0.0,True,True,True,62x400x50,True
primary_w400_s100,cf_extension,18508,400,100,12482,121,12400,0.9934305399775677,0.008214258,0.44899516,1.0,0.0,True,True,True,121x400x50,True
primary_w400_s100,cf_extension,18511,400,100,12928,126,12900,0.9978341584158416,0.008324772000000001,0.430135935,1.0,0.0,True,True,True,126x400x50,True
primary_w400_s100,cf_extension,18517,400,100,7259,69,7200,0.9918721586995454,0.0107778705,0.349083435,1.0,0.0,True,True,True,69x400x50,True
primary_w400_s100,cf_extension,18520,400,100,10552,102,10500,0.9950720242608037,0.013443681499999999,0.43961087,1.0,0.0,True,True,True,102x400x50,True
primary_w400_s100,cf_extension,18855,400,100,8690,83,8600,0.9896432681242808,0.01420406175,0.447423815,1.0,0.0,True,True,True,83x400x50,True
primary_w400_s100,cf_extension,18907,400,100,8271,79,8200,0.991415790110023,0.014147929,0.430679515,1.0,0.0,True,True,True,79x400x50,True
primary_w400_s100,cf_extension,18912,400,100,11100,108,11100,1.0,0.0080636965,0.39589111499999996,1.0,0.0,True,True,True,108x400x50,True
primary_w400_s100,cf_extension,19093,400,100,16072,157,16000,0.9955201592832255,0.012019524,0.446863455,1.0,0.0,True,True,True,157x400x50,True
primary_w400_s100,cf_extension,19108,400,100,3775,34,3700,0.9801324503311258,0.013453955,0.325725825,1.0,0.0,True,True,True,34x400x50,True
primary_w400_s100,cf_extension,19127,400,100,10127,98,10100,0.997333859978276,0.009876764,0.450146245,1.0,0.0,True,True,True,98x400x50,True
primary_w400_s100,cf_extension,19159,400,100,12853,125,12800,0.9958764490780363,0.011886392999999999,0.45745587499999996,1.0,0.0,True,True,True,125x400x50,True
primary_w400_s100,cf_extension,19190,400,100,16915,166,16900,0.9991132131244458,0.008986359499999999,0.4541094,1.0,0.0,True,True,True,166x400x50,True
primary_w400_s100,cf_extension,19193,400,100,8964,86,8900,0.9928603302097277,0.009603269,0.44356114,1.0,0.0,True,True,True,86x400x50,True
primary_w400_s100,cf_extension,19209,400,100,9043,87,9000,0.9952449408382174,0.010101056,0.3712456,1.0,0.0,True,True,True,87x400x50,True
sensitivity_w500_s125,shared_backbone,18489,500,125,5031,37,5000,0.9938382031405287,0.0103664355,0.32402343499999997,1.0,0.0,True,True,True,37x500x50,True
sensitivity_w500_s125,shared_backbone,18499,500,125,12012,93,12000,0.999000999000999,0.011383207999999999,0.342079055,1.0,0.0,True,True,True,93x500x50,True
sensitivity_w500_s125,shared_backbone,18505,500,125,6131,46,6125,0.9990213668243354,0.013701211500000001,0.33583463,1.0,0.0,True,True,True,46x500x50,True
sensitivity_w500_s125,shared_backbone,18508,500,125,7834,59,7750,0.9892775082971662,0.009018836749999998,0.33677691,1.0,0.0,True,True,True,59x500x50,True
sensitivity_w500_s125,shared_backbone,18511,500,125,10768,83,10750,0.9983283803863299,0.009131608749999999,0.34631432,1.0,0.0,True,True,True,83x500x50,True
sensitivity_w500_s125,shared_backbone,18517,500,125,6993,52,6875,0.9831259831259831,0.011736649,0.33830568,1.0,0.0,True,True,True,52x500x50,True
sensitivity_w500_s125,shared_backbone,18520,500,125,7653,58,7625,0.9963413040637659,0.014662975,0.33924075,1.0,0.0,True,True,True,58x500x50,True
sensitivity_w500_s125,shared_backbone,18855,500,125,4049,29,4000,0.9878982464806125,0.015474063,0.32977252999999995,1.0,0.0,True,True,True,29x500x50,True
sensitivity_w500_s125,shared_backbone,18858,500,125,10649,82,10625,0.9977462672551414,0.0095748565,0.34665075,1.0,0.0,True,True,True,82x500x50,True
sensitivity_w500_s125,shared_backbone,18870,500,125,11109,85,11000,0.9901881357457917,0.0080951605,0.34296365,1.0,0.0,True,True,True,85x500x50,True
sensitivity_w500_s125,shared_backbone,18907,500,125,5048,37,5000,0.9904912836767037,0.01519234325,0.336015195,1.0,0.0,True,True,True,37x500x50,True
sensitivity_w500_s125,shared_backbone,18912,500,125,10302,79,10250,0.9949524364201126,0.008955918,0.36722317,1.0,0.0,True,True,True,79x500x50,True
sensitivity_w500_s125,shared_backbone,19093,500,125,12915,100,12875,0.9969028261711188,0.013475829,0.34232361499999997,1.0,0.0,True,True,True,100x500x50,True
sensitivity_w500_s125,shared_backbone,19108,500,125,3594,25,3500,0.9738452977184195,0.0146285165,0.277475635,1.0,0.0,True,True,True,25x500x50,True
sensitivity_w500_s125,shared_backbone,19127,500,125,6183,46,6125,0.9906194404010998,0.0109060585,0.36243774,1.0,0.0,True,True,True,46x500x50,True
sensitivity_w500_s125,shared_backbone,19159,500,125,5944,44,5875,0.9883916554508748,0.0128644025,0.39586788,1.0,0.0,True,True,True,44x500x50,True
sensitivity_w500_s125,shared_backbone,19190,500,125,8744,66,8625,0.9863906678865508,0.00989419175,0.35799055999999996,1.0,0.0,True,True,True,66x500x50,True
sensitivity_w500_s125,shared_backbone,19193,500,125,5925,44,5875,0.9915611814345991,0.0108174745,0.349963905,1.0,0.0,True,True,True,44x500x50,True
sensitivity_w500_s125,shared_backbone,19209,500,125,8892,68,8875,0.9980881691408007,0.0110863435,0.36713688,1.0,0.0,True,True,True,68x500x50,True
sensitivity_w500_s125,cm_extension,18489,500,125,6857,51,6750,0.984395508239755,0.0103664355,0.68375897,1.0,0.0,True,True,True,51x500x50,True
sensitivity_w500_s125,cm_extension,18499,500,125,13616,105,13500,0.9914806110458284,0.011383207999999999,0.5476233349999999,1.0,0.0,True,True,True,105x500x50,True
sensitivity_w500_s125,cm_extension,18505,500,125,7488,56,7375,0.984909188034188,0.013701211500000001,0.7126617,1.0,0.0,True,True,True,56x500x50,True
sensitivity_w500_s125,cm_extension,18508,500,125,9279,71,9250,0.9968746632180192,0.009018836749999998,0.82214742,1.0,0.0,True,True,True,71x500x50,True
sensitivity_w500_s125,cm_extension,18511,500,125,12139,94,12125,0.9988466924787874,0.009131608749999999,0.612071,1.0,0.0,True,True,True,94x500x50,True
sensitivity_w500_s125,cm_extension,18517,500,125,9530,73,9500,0.9968520461699895,0.011736649,0.7255042,1.0,0.0,True,True,True,73x500x50,True
sensitivity_w500_s125,cm_extension,18520,500,125,8402,64,8375,0.9967864794096644,0.014662975,0.52140387,1.0,0.0,True,True,True,64x500x50,True
sensitivity_w500_s125,cm_extension,18855,500,125,4764,35,4750,0.9970612930310663,0.015474063,0.420748335,1.0,0.0,True,True,True,35x500x50,True
sensitivity_w500_s125,cm_extension,18858,500,125,12192,94,12125,0.994504593175853,0.0095748565,0.66732927,1.0,0.0,True,True,True,94x500x50,True
sensitivity_w500_s125,cm_extension,18870,500,125,11604,89,11500,0.9910375732506033,0.0080951605,0.35943919,1.0,0.0,True,True,True,89x500x50,True
sensitivity_w500_s125,cm_extension,18907,500,125,5799,43,5750,0.9915502672874633,0.01519234325,0.42500528000000004,1.0,0.0,True,True,True,43x500x50,True
sensitivity_w500_s125,cm_extension,18912,500,125,13123,101,13000,0.9906271431837232,0.008955918,0.801898315,1.0,0.0,True,True,True,101x500x50,True
sensitivity_w500_s125,cm_extension,19093,500,125,15467,120,15375,0.9940518523307688,0.013475829,0.8141687799999999,1.0,0.0,True,True,True,120x500x50,True
sensitivity_w500_s125,cm_extension,19108,500,125,3760,27,3750,0.9973404255319149,0.0146285165,0.32432611499999997,1.0,0.0,True,True,True,27x500x50,True
sensitivity_w500_s125,cm_extension,19193,500,125,6881,52,6875,0.9991280337160297,0.0108174745,0.46065448,1.0,0.0,True,True,True,52x500x50,True
sensitivity_w500_s125,cm_extension,19209,500,125,9782,75,9750,0.9967286853404211,0.0110863435,0.49666047,1.0,0.0,True,True,True,75x500x50,True
sensitivity_w500_s125,cf_extension,18489,500,125,6573,49,6500,0.9888939601399666,0.0103664355,0.391360535,1.0,0.0,True,True,True,49x500x50,True
sensitivity_w500_s125,cf_extension,18508,500,125,12482,96,12375,0.9914276558243871,0.009018836749999998,0.44745659,1.0,0.0,True,True,True,96x500x50,True
sensitivity_w500_s125,cf_extension,18511,500,125,12928,100,12875,0.9959003712871287,0.009131608749999999,0.42397834,1.0,0.0,True,True,True,100x500x50,True
sensitivity_w500_s125,cf_extension,18517,500,125,7259,55,7250,0.9987601598016256,0.011736649,0.349083435,1.0,0.0,True,True,True,55x500x50,True
sensitivity_w500_s125,cf_extension,18520,500,125,10552,81,10500,0.9950720242608037,0.014662975,0.437395035,1.0,0.0,True,True,True,81x500x50,True
sensitivity_w500_s125,cf_extension,18855,500,125,8690,66,8625,0.9925201380897584,0.015474063,0.44684980500000004,1.0,0.0,True,True,True,66x500x50,True
sensitivity_w500_s125,cf_extension,18907,500,125,8271,63,8250,0.9974610083424011,0.01519234325,0.430679515,1.0,0.0,True,True,True,63x500x50,True
sensitivity_w500_s125,cf_extension,18912,500,125,11100,85,11000,0.990990990990991,0.008955918,0.384067335,1.0,0.0,True,True,True,85x500x50,True
sensitivity_w500_s125,cf_extension,19093,500,125,16072,125,16000,0.9955201592832255,0.013475829,0.44555433,1.0,0.0,True,True,True,125x500x50,True
sensitivity_w500_s125,cf_extension,19108,500,125,3775,27,3750,0.9933774834437086,0.0146285165,0.325725825,1.0,0.0,True,True,True,27x500x50,True
sensitivity_w500_s125,cf_extension,19127,500,125,10127,78,10125,0.9998025081465389,0.0109060585,0.449465365,1.0,0.0,True,True,True,78x500x50,True
sensitivity_w500_s125,cf_extension,19159,500,125,12853,99,12750,0.9919863066988251,0.0128644025,0.45618124000000004,1.0,0.0,True,True,True,99x500x50,True
sensitivity_w500_s125,cf_extension,19190,500,125,16915,132,16875,0.997635234998522,0.00989419175,0.45270729,1.0,0.0,True,True,True,132x500x50,True
sensitivity_w500_s125,cf_extension,19193,500,125,8964,68,8875,0.9900713966979027,0.0108174745,0.44048954500000004,1.0,0.0,True,True,True,68x500x50,True
sensitivity_w500_s125,cf_extension,19209,500,125,9043,69,9000,0.9952449408382174,0.0110863435,0.367963315,1.0,0.0,True,True,True,69x500x50,True
