scope,individual,transition_id,destination_state,destination_state_median_pseudotime,primary_parameter_min,primary_parameter_max,landmark_inside_primary_parameter_range,nearest_window_index,nearest_window_parameter,absolute_parameter_difference,nearest_window_median_day,nearest_window_dominant_state
shared_backbone,18489,T2,CMES,0.28783527,0.0093122065,0.32634978000000003,True,41,0.290208385,0.0023731150000000367,3.0,CMES
shared_backbone,18499,T2,CMES,0.23174533,0.0105001885,0.345389095,True,88,0.23346748,0.0017221500000000056,7.0,PROG
shared_backbone,18505,T2,CMES,0.2689006,0.012318797499999999,0.33720859999999997,True,43,0.27107464000000003,0.0021740400000000437,3.0,CMES
shared_backbone,18508,T2,CMES,0.325505585,0.008214258,0.3386987,True,63,0.32584073999999996,0.0003351549999999759,3.0,CMES
shared_backbone,18511,T2,CMES,0.26849953,0.008324772000000001,0.34631432,True,78,0.26497455000000003,0.0035249799999999554,5.0,PROG
shared_backbone,18517,T2,CMES,0.27856214,0.0107778705,0.3413911,True,51,0.28310324,0.004541099999999965,3.0,CMES
shared_backbone,18520,T2,CMES,0.29993442,0.013443681499999999,0.340759455,True,58,0.30072275000000004,0.0007883300000000593,5.0,PROG
shared_backbone,18855,T2,CMES,0.3059474,0.01420406175,0.33273144,True,33,0.30908141499999997,0.00313401499999999,5.0,PROG
shared_backbone,18858,T2,CMES,0.27102716,0.008778636,0.34914847000000004,True,82,0.270724425,0.0003027349999999984,7.0,PROG
shared_backbone,18870,T2,CMES,0.25883543,0.0072889432,0.35179528,True,76,0.26035434,0.00151891000000004,7.0,PROG
shared_backbone,18907,T2,CMES,0.30431904,0.014147929,0.337738305,True,33,0.3034812,0.0008378399999999786,3.0,CMES
shared_backbone,18912,T2,CMES,0.31262648,0.0080636965,0.3727237,True,75,0.312446935,0.00017954500000000317,3.0,CMES
shared_backbone,19093,T2,CMES,0.31081943,0.012019524,0.346556335,True,107,0.31013788,0.0006815500000000307,5.0,PROG
shared_backbone,19108,T2,CMES,0.293644,0.013453955,0.29461435,True,31,0.29461435,0.0009703500000000087,3.0,CMES
shared_backbone,19127,T2,CMES,0.30796184,0.009876764,0.36445006999999996,True,44,0.305077615,0.0028842249999999625,3.0,CMES
shared_backbone,19159,T2,CMES,0.33477678,0.011886392999999999,0.401277645,True,43,0.33418033999999996,0.0005964400000000314,3.0,CMES
shared_backbone,19190,T2,CMES,0.31270877,0.008986359499999999,0.364080545,True,63,0.31433254,0.0016237699999999688,3.0,CMES
shared_backbone,19193,T2,CMES,0.32815273,0.009603269,0.35780535,True,44,0.32809238,6.03499999999868e-05,3.0,CMES
shared_backbone,19209,T2,CMES,0.2835148,0.010101056,0.365858085,True,59,0.28262767,0.0008871300000000137,7.0,PROG
cm_extension,18489,T3_CM,CM,0.44328415,0.0093122065,0.73342248,True,57,0.42996988,0.013314269999999961,7.0,CM
cm_extension,18499,T3_CM,CM,0.39467457,0.0105001885,0.6397139000000001,True,126,0.39440016499999997,0.0002744050000000331,11.0,CM
cm_extension,18505,T3_CM,CM,0.55877495,0.012318797499999999,0.7460287,True,66,0.55357921,0.005195740000000004,11.0,CM
cm_extension,18508,T3_CM,CM,0.6593754,0.008214258,0.82214742,True,84,0.6786547,0.01927930000000011,7.0,CM
cm_extension,18511,T3_CM,CM,0.42686644,0.008324772000000001,0.63081645,True,112,0.416084185,0.010782255000000018,7.0,CM
cm_extension,18517,T3_CM,CM,0.46599331,0.0107778705,0.7437650849999999,True,81,0.473171575,0.007178265000000017,7.0,CM
cm_extension,18520,T3_CM,CM,0.43657294,0.013443681499999999,0.5861136,True,78,0.42608007999999997,0.010492860000000048,11.0,CM
cm_extension,18855,T3_CM,CM,0.40134957,0.01420406175,0.420748335,True,42,0.40127560500000004,7.396499999995365e-05,11.0,CM
cm_extension,18858,T3_CM,CM,0.49036673,0.008778636,0.679256945,True,112,0.48423412499999996,0.006132605000000013,11.0,CM
cm_extension,18870,T3_CM,CM,0.35724792,0.0072889432,0.37247054,True,110,0.35579095,0.0014569700000000019,15.0,PROG
cm_extension,18907,T3_CM,CM,0.40318394,0.014147929,0.42500528000000004,True,52,0.397222,0.005961939999999999,11.0,CM
cm_extension,18912,T3_CM,CM,0.5144707,0.0080636965,0.8515687000000001,True,115,0.5105461,0.003924599999999945,11.0,CM
cm_extension,19093,T3_CM,CM,0.6336237849999999,0.012019524,0.8289179200000001,True,140,0.6359779999999999,0.002354214999999993,7.0,CM
cm_extension,19108,T3_CM,CM,0.37534056,0.013453955,0.32432611499999997,False,33,0.32432611499999997,0.05101444500000002,5.0,CMES
cm_extension,19193,T3_CM,CM,0.374162195,0.009603269,0.43576476,True,61,0.37453161,0.00036941500000003957,11.0,CM
cm_extension,19209,T3_CM,CM,0.3930151149999999,0.010101056,0.49666047,True,91,0.394765225,0.0017501100000000824,15.0,CM
cf_extension,18489,T3_CF,CF,0.355965305,0.0093122065,0.39761314999999997,True,56,0.35723773000000003,0.0012724250000000215,11.0,CF
cf_extension,18508,T3_CF,CF,0.41162326,0.008214258,0.44899516,True,100,0.41232045,0.0006971900000000142,11.0,CF
cf_extension,18511,T3_CF,CF,0.3733011149999999,0.008324772000000001,0.430135935,True,116,0.37416211,0.0008609950000000866,7.0,CF
cf_extension,18517,T3_CF,CF,0.321171025,0.0107778705,0.349083435,True,59,0.32110389,6.713499999999595e-05,5.0,PROG
cf_extension,18520,T3_CF,CF,0.39014167,0.013443681499999999,0.43961087,True,89,0.390737695,0.000596025,11.0,CF
cf_extension,18855,T3_CF,CF,0.4039907,0.01420406175,0.447423815,True,62,0.40466697500000004,0.0006762750000000595,11.0,CF
cf_extension,18907,T3_CF,CF,0.3817951,0.014147929,0.430679515,True,64,0.380275605,0.0015194949999999818,11.0,CF
cf_extension,18912,T3_CF,CF,0.36847245,0.0080636965,0.39589111499999996,True,102,0.36759627500000003,0.000876174999999979,7.0,PROG
cf_extension,19093,T3_CF,CF,0.4099755,0.012019524,0.446863455,True,143,0.410378365,0.00040286500000003,7.0,CF
cf_extension,19108,T3_CF,CF,0.37690464,0.013453955,0.325725825,False,33,0.325725825,0.05117881499999999,5.0,CMES
cf_extension,19127,T3_CF,CF,0.40934077,0.009876764,0.450146245,True,79,0.40802077000000003,0.0013199999999999878,11.0,CF
cf_extension,19159,T3_CF,CF,0.43521515,0.011886392999999999,0.45745587499999996,True,92,0.43535278,0.0001376299999999997,11.0,CF
cf_extension,19190,T3_CF,CF,0.41572344,0.008986359499999999,0.4541094,True,126,0.415320885,0.00040255500000002664,11.0,CF
cf_extension,19193,T3_CF,CF,0.39365986,0.009603269,0.44356114,True,72,0.393553245,0.00010661499999997659,11.0,CF
cf_extension,19209,T3_CF,CF,0.3508313,0.010101056,0.3712456,True,82,0.34883655,0.0019947499999999896,11.0,PROG
