branch,lineage,differentiation,transition_weight,parameter,gdis,potential
0,SC-EC,1,0.0,0.0240825688073394,0.6382297106107676,0.9754185530899554
0,SC-EC,1,0.0,0.03583715596330275,0.6121709492505635,0.999042334983725
0,SC-EC,1,0.0,0.04705930537352555,0.5658654457534318,0.8763642720634844
0,SC-EC,1,0.0,0.057298492791612,0.5147662302081811,0.713138085911091
0,SC-EC,1,0.0,0.06950360419397114,0.4743263327036201,0.5824180146341477
0,SC-EC,1,0.0,0.082036369593709,0.46765671422633615,0.6019700605002886
0,SC-EC,1,0.0,0.10087647444298814,0.5229438424825017,0.702406227002468
0,SC-EC,1,0.0,0.120740498034076,0.6094176283614997,0.9005881491918112
0,SC-EC,1,0.0,0.13765563564875483,0.7019441345703702,1.2446957438706612
0,SC-EC,1,0.0,0.15510321100917424,0.7751222798044259,1.8367285466688388
0,SC-EC,1,0.0,0.17132208387942333,0.8212786748395995,1.679980777411955
0,SC-EC,1,0.0,0.19237385321100914,0.8383133766703754,1.7184731506310507
0,SC-EC,1,0.0,0.2093709043250327,0.8332433364933209,1.7288089256361165
0,SC-EC,1,0.0,0.2279652686762778,0.8168480750179463,1.7013140176466655
0,SC-EC,1,0.0,0.24569954128440363,0.8055050222982434,1.6594048041437193
0,SC-EC,1,0.0,0.26413007863695936,0.7792487291033676,1.5690602568205894
0,SC-EC,1,0.0,0.2838302752293578,0.7451692820280552,1.3817671613682938
0,SC-EC,1,0.0,0.30520969855832236,0.7098360129012586,1.2184938060429735
0,SC-EC,1,0.0,0.32527850589777185,0.6813603326685395,1.1208067429431015
0,SC-EC,1,0.0,0.3447329619921362,0.6702355776937989,1.0904729332516148
0,SC-EC,1,0.0,0.366603866317169,0.6824182520372134,1.1234048609204448
0,SC-EC,1,0.0,0.38544397116644824,0.7098052679332797,1.2207235305156199
0,SC-EC,1,0.0,0.40956749672346,0.7425773925277948,1.3826829989555172
0,SC-EC,1,0.0,0.43332241153342066,0.7725167335555707,1.5385798612506685
0,SC-EC,1,0.0,0.4536369593709043,0.7939330088521575,1.5922410933121738
0,SC-EC,1,0.0,0.47620412844036697,0.804357855155894,1.6186057780063436
0,SC-EC,1,0.0,0.49684633027522934,0.805561857340021,1.630484485557359
0,SC-EC,1,0.0,0.5262925969447709,0.8033604382756285,1.6273756368221013
0,SC-EC,1,0.0,0.5550822561692127,0.8022042692639639,1.6160383514176913
0,SC-EC,1,0.0,0.5893801410105758,0.8017409056180065,1.6107832927137817
0,SC-EC,1,0.0,0.6174720916568743,0.8024937918580356,1.6177347188881464
0,SC-EC,1,0.0,0.6449764982373678,0.804601621508467,1.6321054094470784
0,SC-EC,1,0.0,0.6722238542890717,0.8073120166491108,1.649024873404888
0,SC-EC,1,0.0,0.7029230317273796,0.809568097260956,1.6622734065892517
0,SC-EC,1,0.0,0.734283196239718,0.8105913263458627,1.6678926837963817
0,SC-EC,1,0.0,0.7648354876615746,0.8103178174812319,1.6643860301303122
0,SC-EC,1,0.0,0.7934048178613395,0.8092073942461134,1.6582164377833486
0,SC-EC,1,0.0,0.8227820211515864,0.8081806102153118,1.651273993129435
0,SC-EC,1,0.0,0.8550969447708578,0.8084467792568556,1.6516257671241306
0,SC-EC,1,0.0,0.8909371327849589,0.8109411881099696,1.6647702490449123
0,SC-EC,1,0.0,0.921783196239718,0.816599123513878,1.6968925612256196
0,SC-EC,1,0.18,0.0240825688073394,0.6511173480289746,1.009296764922108
0,SC-EC,1,0.18,0.03583715596330275,0.6190594792300721,1.0211332444163561
0,SC-EC,1,0.18,0.04705930537352555,0.5781080889231378,0.9049141556302978
0,SC-EC,1,0.18,0.057298492791612,0.5393701714158556,0.7611442736834578
0,SC-EC,1,0.18,0.06950360419397114,0.5139527210159095,0.6576288902211069
0,SC-EC,1,0.18,0.082036369593709,0.518883279053379,0.7064180507670267
0,SC-EC,1,0.18,0.10087647444298814,0.5773266370294596,0.8320701976721339
0,SC-EC,1,0.18,0.120740498034076,0.659888902424571,1.0478797820128918
0,SC-EC,1,0.18,0.13765563564875483,0.7431498843286005,1.394661117428218
0,SC-EC,1,0.18,0.15510321100917424,0.8053679044118288,1.9753417719686697
0,SC-EC,1,0.18,0.17132208387942333,0.8419829601441811,1.7984958260812673
0,SC-EC,1,0.18,0.19237385321100914,0.8527909742804045,1.8137887233712868
0,SC-EC,1,0.18,0.2093709043250327,0.844973919650225,1.8033389284390704
0,SC-EC,1,0.18,0.2279652686762778,0.8272162366733816,1.7571991211270679
0,SC-EC,1,0.18,0.24569954128440363,0.813001569344686,1.6988993863590207
0,SC-EC,1,0.18,0.26413007863695936,0.7846961064276505,1.5964032836041568
0,SC-EC,1,0.18,0.2838302752293578,0.7487906805468456,1.397630268758399
0,SC-EC,1,0.18,0.30520969855832236,0.71195564507344,1.2257699892611722
0,SC-EC,1,0.18,0.32527850589777185,0.6823682819642884,1.1228411039689012
0,SC-EC,1,0.18,0.3447329619921362,0.6704807621715618,1.0904729332516148
0,SC-EC,1,0.18,0.366603866317169,0.6823013157353968,1.1234048609204448
0,SC-EC,1,0.18,0.38544397116644824,0.7096528641492661,1.2207235305156199
0,SC-EC,1,0.18,0.40956749672346,0.7425206401553102,1.3826957691123634
0,SC-EC,1,0.18,0.43332241153342066,0.772520677434346,1.5386165129663478
0,SC-EC,1,0.18,0.4536369593709043,0.7939367108022313,1.5922640887391606
0,SC-EC,1,0.18,0.47620412844036697,0.8043606098562173,1.6186085108723827
0,SC-EC,1,0.18,0.49684633027522934,0.8055629594695453,1.630484485557359
0,SC-EC,1,0.18,0.5262925969447709,0.803360097961594,1.6273756368221013
0,SC-EC,1,0.18,0.5550822561692127,0.802203876741337,1.6160383514176913
0,SC-EC,1,0.18,0.5893801410105758,0.8017408563830557,1.6107832927137817
0,SC-EC,1,0.18,0.6174720916568743,0.8024937918580356,1.6177347188881464
0,SC-EC,1,0.18,0.6449764982373678,0.804601621508467,1.6321054094470784
0,SC-EC,1,0.18,0.6722238542890717,0.8073120166491108,1.649024873404888
0,SC-EC,1,0.18,0.7029230317273796,0.809568097260956,1.6622734065892517
0,SC-EC,1,0.18,0.734283196239718,0.8105913263458588,1.6678926837963817
0,SC-EC,1,0.18,0.7648354876615746,0.8103178174812306,1.6643860301303122
0,SC-EC,1,0.18,0.7934048178613395,0.8092073942461233,1.6582164377833486
0,SC-EC,1,0.18,0.8227820211515864,0.8081806102153328,1.651273993129435
0,SC-EC,1,0.18,0.8550969447708578,0.8084467792568836,1.651625767124353
0,SC-EC,1,0.18,0.8909371327849589,0.8109411881099959,1.6647702490451413
0,SC-EC,1,0.18,0.921783196239718,0.8165991235138897,1.6968925612256196
0,SC-EC,1,0.25,0.0240825688073394,0.6559031041264028,1.0224716250790562
0,SC-EC,1,0.25,0.03583715596330275,0.621859943917372,1.0297241536401571
0,SC-EC,1,0.25,0.04705930537352555,0.5828824890232696,0.916016888128503
0,SC-EC,1,0.25,0.057298492791612,0.5485406034458339,0.779813346706045
0,SC-EC,1,0.25,0.06950360419397114,0.5284041511868025,0.68687756406048
0,SC-EC,1,0.25,0.082036369593709,0.5373275170195295,0.747036713648536
0,SC-EC,1,0.25,0.10087647444298814,0.5967201860865563,0.8824950751547818
0,SC-EC,1,0.25,0.120740498034076,0.6777376514672515,1.1051598614433122
0,SC-EC,1,0.25,0.13765563564875483,0.7576385377279719,1.4529809849228235
0,SC-EC,1,0.25,0.15510321100917424,0.8160106207438617,2.0292469151408263
0,SC-EC,1,0.25,0.17132208387942333,0.8493511527931341,1.8445850116748888
0,SC-EC,1,0.25,0.19237385321100914,0.8580553458330489,1.8508558905480452
0,SC-EC,1,0.25,0.2093709043250327,0.8493155291098604,1.832322818417997
0,SC-EC,1,0.25,0.2279652686762778,0.8310857558920153,1.7789322169250021
0,SC-EC,1,0.25,0.24569954128440363,0.8158413768197199,1.7142583905538604
0,SC-EC,1,0.25,0.26413007863695936,0.7867782244271995,1.6070366829088776
0,SC-EC,1,0.25,0.2838302752293578,0.7501848189052828,1.4037992549656622
0,SC-EC,1,0.25,0.30520969855832236,0.712776577341111,1.2285996160682495
0,SC-EC,1,0.25,0.32527850589777185,0.6827609088030112,1.1236322443678233
0,SC-EC,1,0.25,0.3447329619921362,0.6705780358107624,1.0904729332516148
0,SC-EC,1,0.25,0.366603866317169,0.6822570563958577,1.1234048609204448
0,SC-EC,1,0.25,0.38544397116644824,0.7095939560455691,1.2207235305156199
0,SC-EC,1,0.25,0.40956749672346,0.7424986028344501,1.3827007352844702
0,SC-EC,1,0.25,0.43332241153342066,0.772522211135646,1.5386307664113341
0,SC-EC,1,0.25,0.4536369593709043,0.7939381504218954,1.592273031405211
0,SC-EC,1,0.25,0.47620412844036697,0.8043616811078521,1.61860957365362
0,SC-EC,1,0.25,0.49684633027522934,0.8055633880667566,1.630484485557359
0,SC-EC,1,0.25,0.5262925969447709,0.8033599656224991,1.6273756368221013
0,SC-EC,1,0.25,0.5550822561692127,0.8022037240962661,1.6160383514176913
0,SC-EC,1,0.25,0.5893801410105758,0.8017408372361668,1.6107832927137817
0,SC-EC,1,0.25,0.6174720916568743,0.8024937918580356,1.6177347188881464
0,SC-EC,1,0.25,0.6449764982373678,0.804601621508467,1.6321054094470784
0,SC-EC,1,0.25,0.6722238542890717,0.8073120166491108,1.649024873404888
0,SC-EC,1,0.25,0.7029230317273796,0.809568097260956,1.6622734065892517
0,SC-EC,1,0.25,0.734283196239718,0.8105913263458573,1.6678926837963817
0,SC-EC,1,0.25,0.7648354876615746,0.81031781748123,1.6643860301303122
0,SC-EC,1,0.25,0.7934048178613395,0.8092073942461271,1.6582164377833486
0,SC-EC,1,0.25,0.8227820211515864,0.8081806102153413,1.651273993129435
0,SC-EC,1,0.25,0.8550969447708578,0.8084467792568948,1.6516257671244396
0,SC-EC,1,0.25,0.8909371327849589,0.8109411881100064,1.6647702490452303
0,SC-EC,1,0.25,0.921783196239718,0.8165991235138941,1.6968925612256196
0,SC-EC,1,0.5,0.0240825688073394,0.6720658531971001,1.0695246970681571
0,SC-EC,1,0.5,0.03583715596330275,0.6323051313745617,1.0604059722965893
0,SC-EC,1,0.5,0.04705930537352555,0.5999071132175924,0.9556695041935215
0,SC-EC,1,0.5,0.057298492791612,0.5795780094925611,0.846488607500999
0,SC-EC,1,0.5,0.06950360419397114,0.5760240309658362,0.7913371134868122
0,SC-EC,1,0.5,0.082036369593709,0.5971447375640755,0.8921033667967834
0,SC-EC,1,0.5,0.10087647444298814,0.6588549808758594,1.0625839233070955
0,SC-EC,1,0.5,0.120740498034076,0.7343114881036901,1.3097315736948132
0,SC-EC,1,0.5,0.13765563564875483,0.8032255725889131,1.6612662259749855
0,SC-EC,1,0.5,0.15510321100917424,0.8495344512589407,2.2217652836128137
0,SC-EC,1,0.5,0.17132208387942333,0.872899261507108,2.009189245937822
0,SC-EC,1,0.5,0.19237385321100914,0.8753320719655433,1.9832386304650398
0,SC-EC,1,0.5,0.2093709043250327,0.8638734552373009,1.935836711199877
0,SC-EC,1,0.5,0.2279652686762778,0.8442007852551657,1.8565504162033388
0,SC-EC,1,0.5,0.24569954128440363,0.8256455002692216,1.7691119769640014
0,SC-EC,1,0.5,0.26413007863695936,0.7940489119147636,1.6450131089971658
0,SC-EC,1,0.5,0.2838302752293578,0.7550977258837515,1.4258313485630303
0,SC-EC,1,0.5,0.30520969855832236,0.71569185788776,1.2387054260935253
0,SC-EC,1,0.5,0.32527850589777185,0.684165450832495,1.1264577457925453
0,SC-EC,1,0.5,0.3447329619921362,0.6709339011259738,1.0904729332516148
0,SC-EC,1,0.5,0.366603866317169,0.6821044519549964,1.1234048609204448
0,SC-EC,1,0.5,0.38544397116644824,0.7093852042968818,1.2207235305156199
0,SC-EC,1,0.5,0.40956749672346,0.742420048901019,1.3827184716134235
0,SC-EC,1,0.5,0.43332241153342066,0.7725276885061887,1.5386816715719998
0,SC-EC,1,0.5,0.4536369593709043,0.7939432917945894,1.592304969498248
0,SC-EC,1,0.5,0.47620412844036697,0.8043655069118617,1.6186133693008964
0,SC-EC,1,0.5,0.49684633027522934,0.8055649187312459,1.630484485557359
0,SC-EC,1,0.5,0.5262925969447709,0.8033594930068816,1.6273756368221013
0,SC-EC,1,0.5,0.5550822561692127,0.8022031789472623,1.6160383514176913
0,SC-EC,1,0.5,0.5893801410105758,0.8017407688545868,1.6107832927137817
0,SC-EC,1,0.5,0.6174720916568743,0.8024937918580356,1.6177347188881464
0,SC-EC,1,0.5,0.6449764982373678,0.804601621508467,1.6321054094470784
0,SC-EC,1,0.5,0.6722238542890717,0.8073120166491108,1.649024873404888
0,SC-EC,1,0.5,0.7029230317273796,0.809568097260956,1.6622734065892517
0,SC-EC,1,0.5,0.734283196239718,0.810591326345852,1.6678926837963817
0,SC-EC,1,0.5,0.7648354876615746,0.8103178174812281,1.6643860301303122
0,SC-EC,1,0.5,0.7934048178613395,0.8092073942461407,1.6582164377833486
0,SC-EC,1,0.5,0.8227820211515864,0.8081806102153705,1.651273993129435
0,SC-EC,1,0.5,0.8550969447708578,0.8084467792569335,1.6516257671247485
0,SC-EC,1,0.5,0.8909371327849589,0.8109411881100426,1.6647702490455485
0,SC-EC,1,0.5,0.921783196239718,0.8165991235139096,1.6968925612256196
0,SC-EC,1,0.75,0.0240825688073394,0.6869379987298538,1.1165777690572578
0,SC-EC,1,0.75,0.03583715596330275,0.6432715725457158,1.0910877909530214
0,SC-EC,1,0.75,0.04705930537352555,0.6167612786572719,0.99532212025854
0,SC-EC,1,0.75,0.057298492791612,0.6081120642312869,0.9131638682959529
0,SC-EC,1,0.75,0.06950360419397114,0.6180288764345248,0.8957966629131445
0,SC-EC,1,0.75,0.082036369593709,0.6485940160986368,1.0371700199450307
0,SC-EC,1,0.75,0.10087647444298814,0.7112449621259896,1.242672771459409
0,SC-EC,1,0.75,0.120740498034076,0.7811638742578182,1.5143032859463141
0,SC-EC,1,0.75,0.13765563564875483,0.8405176853805003,1.8695514670271476
0,SC-EC,1,0.75,0.15510321100917424,0.877019424508162,2.414283652084801
0,SC-EC,1,0.75,0.17132208387942333,0.8926774420602872,2.173793480200756
0,SC-EC,1,0.75,0.19237385321100914,0.8904628609565888,2.1156213703820343
0,SC-EC,1,0.75,0.2093709043250327,0.8770510233244699,2.0393506039817577
0,SC-EC,1,0.75,0.2279652686762778,0.8562801587867279,1.9341686154816755
0,SC-EC,1,0.75,0.24569954128440363,0.8349355057600399,1.8239655633741425
0,SC-EC,1,0.75,0.26413007863695936,0.8010629447275398,1.682989535085454
0,SC-EC,1,0.75,0.2838302752293578,0.759905403468699,1.4478634421603986
0,SC-EC,1,0.75,0.30520969855832236,0.7185792046163287,1.2488112361188013
0,SC-EC,1,0.75,0.32527850589777185,0.6855724925428426,1.1292832472172671
0,SC-EC,1,0.75,0.3447329619921362,0.6713024039788275,1.0904729332516148
0,SC-EC,1,0.75,0.366603866317169,0.681960221926964,1.1234048609204448
0,SC-EC,1,0.75,0.38544397116644824,0.7091789858061895,1.2207235305156199
0,SC-EC,1,0.75,0.40956749672346,0.7423417300617864,1.3827362079423766
0,SC-EC,1,0.75,0.43332241153342066,0.7725331656672081,1.5387325767326654
0,SC-EC,1,0.75,0.4536369593709043,0.7939484329702482,1.5923369075912852
0,SC-EC,1,0.75,0.47620412844036697,0.8043693325679292,1.6186171649481726
0,SC-EC,1,0.75,0.49684633027522934,0.8055664493334916,1.630484485557359
0,SC-EC,1,0.75,0.5262925969447709,0.8033590204287739,1.6273756368221013
0,SC-EC,1,0.75,0.5550822561692127,0.8022026338169523,1.6160383514176913
0,SC-EC,1,0.75,0.5893801410105758,0.8017407004732662,1.6107832927137817
0,SC-EC,1,0.75,0.6174720916568743,0.8024937918580356,1.6177347188881464
0,SC-EC,1,0.75,0.6449764982373678,0.804601621508467,1.6321054094470784
0,SC-EC,1,0.75,0.6722238542890717,0.8073120166491108,1.649024873404888
0,SC-EC,1,0.75,0.7029230317273796,0.809568097260956,1.6622734065892517
0,SC-EC,1,0.75,0.734283196239718,0.8105913263458466,1.6678926837963817
0,SC-EC,1,0.75,0.7648354876615746,0.8103178174812262,1.6643860301303122
0,SC-EC,1,0.75,0.7934048178613395,0.8092073942461544,1.6582164377833486
0,SC-EC,1,0.75,0.8227820211515864,0.8081806102153999,1.651273993129435
0,SC-EC,1,0.75,0.8550969447708578,0.8084467792569726,1.6516257671250576
0,SC-EC,1,0.75,0.8909371327849589,0.8109411881100792,1.6647702490458665
0,SC-EC,1,0.75,0.921783196239718,0.8165991235139254,1.6968925612256196
0,SC-EC,1,1.0,0.0240825688073394,0.7007014715675485,1.1636308410463587
0,SC-EC,1,1.0,0.03583715596330275,0.6545684211021507,1.1217696096094536
0,SC-EC,1,1.0,0.04705930537352555,0.6333098851774032,1.0349747363235586
0,SC-EC,1,1.0,0.057298492791612,0.6343581198055168,0.9798391290909069
0,SC-EC,1,1.0,0.06950360419397114,0.655145380998702,1.000256212339477
0,SC-EC,1,1.0,0.082036369593709,0.6929263915796856,1.182236673093278
0,SC-EC,1,1.0,0.10087647444298814,0.7554692563340999,1.4227616196117228
0,SC-EC,1,1.0,0.120740498034076,0.8199676967396284,1.718874998197815
0,SC-EC,1,1.0,0.13765563564875483,0.8710034971888423,2.07783670807931
0,SC-EC,1,1.0,0.15510321100917424,0.8995520467520979,2.6068020205567883
0,SC-EC,1,1.0,0.17132208387942333,0.9093105277169029,2.3383977144636896
0,SC-EC,1,1.0,0.19237385321100914,0.9037243335507175,2.248004110299029
0,SC-EC,1,1.0,0.2093709043250327,0.8889733352506108,2.1428644967636377
0,SC-EC,1,1.0,0.2279652686762778,0.8674055834919533,2.011786814760012
0,SC-EC,1,1.0,0.24569954128440363,0.8437313000713874,1.8788191497842834
0,SC-EC,1,1.0,0.26413007863695936,0.8078238884280546,1.7209659611737422
0,SC-EC,1,1.0,0.2838302752293578,0.7646060473139118,1.469895535757767
0,SC-EC,1,1.0,0.30520969855832236,0.7214363081518306,1.258917046144077
0,SC-EC,1,1.0,0.32527850589777185,0.6869806734991082,1.1321087486419892
0,SC-EC,1,1.0,0.3447329619921362,0.6716828072662984,1.0904729332516148
0,SC-EC,1,1.0,0.366603866317169,0.6818241544853967,1.1234048609204448
0,SC-EC,1,1.0,0.38544397116644824,0.7089752739659616,1.2207235305156199
0,SC-EC,1,1.0,0.40956749672346,0.7422636456529161,1.3827539442713297
0,SC-EC,1,1.0,0.43332241153342066,0.7725386426187133,1.538783481893331
0,SC-EC,1,1.0,0.4536369593709043,0.7939535739488803,1.5923688456843224
0,SC-EC,1,1.0,0.47620412844036697,0.804373158076061,1.618620960595449
0,SC-EC,1,1.0,0.49684633027522934,0.8055679798734965,1.630484485557359
0,SC-EC,1,1.0,0.5262925969447709,0.803358547888174,1.6273756368221013
0,SC-EC,1,1.0,0.5550822561692127,0.8022020887053354,1.6160383514176913
0,SC-EC,1,1.0,0.5893801410105758,0.8017406320922053,1.6107832927137817
0,SC-EC,1,1.0,0.6174720916568743,0.8024937918580356,1.6177347188881464
0,SC-EC,1,1.0,0.6449764982373678,0.804601621508467,1.6321054094470784
0,SC-EC,1,1.0,0.6722238542890717,0.8073120166491108,1.649024873404888
0,SC-EC,1,1.0,0.7029230317273796,0.809568097260956,1.6622734065892517
0,SC-EC,1,1.0,0.734283196239718,0.8105913263458412,1.6678926837963817
0,SC-EC,1,1.0,0.7648354876615746,0.8103178174812244,1.6643860301303122
0,SC-EC,1,1.0,0.7934048178613395,0.8092073942461679,1.6582164377833486
0,SC-EC,1,1.0,0.8227820211515864,0.8081806102154292,1.651273993129435
0,SC-EC,1,1.0,0.8550969447708578,0.8084467792570117,1.6516257671253665
0,SC-EC,1,1.0,0.8909371327849589,0.8109411881101157,1.6647702490461844
0,SC-EC,1,1.0,0.921783196239718,0.8165991235139415,1.6968925612256196
0,SC-EC,2,0.0,0.0573804062909567,0.4174727058955468,0.5797717238636986
0,SC-EC,2,0.0,0.08191349934469194,0.2367941543705649,0.23854194718028943
0,SC-EC,2,0.0,0.09592070773263431,0.23176706445900846,0.228603513383048
0,SC-EC,2,0.0,0.11066513761467886,0.3467746344243877,0.4214077872399962
0,SC-EC,2,0.0,0.12446756225425945,0.5262000625302137,0.8171181733986214
0,SC-EC,2,0.0,0.14052260812581913,0.6866249804535167,1.4401598808063443
0,SC-EC,2,0.0,0.15624999999999994,0.7946938808003968,1.8532589699061797
0,SC-EC,2,0.0,0.17263269986893837,0.8423143608534599,1.695175680323526
0,SC-EC,2,0.0,0.18500163826998683,0.8430233206397071,1.705319453101893
0,SC-EC,2,0.0,0.1997870249017038,0.8246783879369284,1.7122571845405974
0,SC-EC,2,0.0,0.2151867627785059,0.8145017104291542,1.6983640845483718
0,SC-EC,2,0.0,0.23136467889908255,0.8146832988010293,1.6773054573816806
0,SC-EC,2,0.0,0.24582241153342071,0.809909343698676,1.6526243638193683
0,SC-EC,2,0.0,0.26077162516382696,0.7996765498166384,1.6118702248071621
0,SC-EC,2,0.0,0.27436926605504586,0.7834356570920236,1.560415340631874
0,SC-EC,2,0.0,0.28870412844036697,0.7616822203031147,1.4571578535056642
0,SC-EC,2,0.0,0.3018922018348623,0.7376567209833303,1.3298929774273627
0,SC-EC,2,0.0,0.31671854521625165,0.7173352108109976,1.2479125028402747
0,SC-EC,2,0.0,0.32949705111402355,0.7056517342826342,1.2046310272605352
0,SC-EC,2,0.0,0.3434223460026212,0.7076612380196761,1.2122562488931177
0,SC-EC,2,0.0,0.35652850589777196,0.7208183101981738,1.2687483137466484
0,SC-EC,2,0.0,0.37033093053735255,0.7366740873635294,1.3415737802924514
0,SC-EC,2,0.0,0.3843790956749672,0.75023724175273,1.4240783879500691
0,SC-EC,2,0.0,0.39777195281782435,0.7572025262773843,1.440621154579006
0,SC-EC,2,0.0,0.40960845347313235,0.7573877761311736,1.406850516238361
0,SC-EC,2,0.0,0.4223869593709043,0.7544014401684649,1.3930931861699614
0,SC-EC,2,0.0,0.4347968545216251,0.7517909768808642,1.3815382963524194
0,SC-EC,2,0.0,0.4480258846657929,0.7544340268311709,1.3970800706412312
0,SC-EC,2,0.0,0.462606487549148,0.762003013976766,1.4343273377486507
0,SC-EC,2,0.0,0.4745658584534731,0.7714410351881025,1.4754288857212168
0,SC-EC,2,0.0,0.48840923984272605,0.7814848038454663,1.5286852045857813
0,SC-EC,2,0.0,0.5030111633372503,0.789586042801379,1.5648218541103256
0,SC-EC,2,0.0,0.5323883666274971,0.7949331139537354,1.586320138269312
0,SC-EC,2,0.0,0.560590481786134,0.7976581238124629,1.600133687540652
0,SC-EC,2,0.0,0.5855611045828437,0.7980235863137816,1.5986192331273859
0,SC-EC,2,0.0,0.6168111045828437,0.7975298676890081,1.5957819300267733
0,SC-EC,2,0.0,0.6477673325499412,0.7968032525916307,1.5914292870728093
0,SC-EC,2,0.0,0.6794212690951822,0.7963333868711551,1.5890301430029552
0,SC-EC,2,0.0,0.7074764982373678,0.7964481236194543,1.5911157563620515
0,SC-EC,2,0.0,0.7346504112808461,0.7968161664526561,1.5941430781946628
0,SC-EC,2,0.0,0.7625587544065805,0.7972660047889395,1.5982344859545379
0,SC-EC,2,0.0,0.7926703877790835,0.7976359148220213,1.599378472200546
0,SC-EC,2,0.0,0.8224148061104583,0.7980008408880717,1.6005316867117716
0,SC-EC,2,0.0,0.8493683901292597,0.7987852125430354,1.6033521668785127
0,SC-EC,2,0.0,0.8758813160987073,0.8006461197612891,1.6119306874008796
0,SC-EC,2,0.0,0.9012925969447708,0.8040608404258472,1.6292685284516937
0,SC-EC,2,0.0,0.9281727379553467,0.8095066524197235,1.6587667229981975
0,SC-EC,2,0.18,0.0573804062909567,0.4107982636403553,0.5797717238636986
0,SC-EC,2,0.18,0.08191349934469194,0.2697611051506386,0.2642325163908774
0,SC-EC,2,0.18,0.09592070773263431,0.2849869110199872,0.2952015041873771
0,SC-EC,2,0.18,0.11066513761467886,0.40533290103457553,0.5313177766742384
0,SC-EC,2,0.18,0.12446756225425945,0.5796562949805768,0.9648908997050265
0,SC-EC,2,0.18,0.14052260812581913,0.7322312967923601,1.605289750455785
0,SC-EC,2,0.18,0.15624999999999994,0.8274449125796808,2.01444089521918
0,SC-EC,2,0.18,0.17263269986893837,0.8639239267431817,1.8348061528171957
0,SC-EC,2,0.18,0.18500163826998683,0.858699469664661,1.8132292593082127
0,SC-EC,2,0.18,0.1997870249017038,0.8382728096481695,1.7900295066728724
0,SC-EC,2,0.18,0.2151867627785059,0.8256532658310572,1.75456041340077
0,SC-EC,2,0.18,0.23136467889908255,0.8227929437380185,1.7219743191191363
0,SC-EC,2,0.18,0.24582241153342071,0.816388671189749,1.6883584775852702
0,SC-EC,2,0.18,0.26077162516382696,0.8050335536745953,1.6396925575408463
0,SC-EC,2,0.18,0.27436926605504586,0.787731622177531,1.5816602448105974
0,SC-EC,2,0.18,0.28870412844036697,0.7648628523440353,1.471818415822303
0,SC-EC,2,0.18,0.3018922018348623,0.7398304948081351,1.3379869451343904
0,SC-EC,2,0.18,0.31671854521625165,0.7186660045697051,1.2518864960081129
0,SC-EC,2,0.18,0.32949705111402355,0.7063485027861807,1.2066077124627899
0,SC-EC,2,0.18,0.3434223460026212,0.7079748707987396,1.2134927738609889
0,SC-EC,2,0.18,0.35652850589777196,0.720984865245585,1.2694362488030144
0,SC-EC,2,0.18,0.37033093053735255,0.7367977869589819,1.3421148307370319
0,SC-EC,2,0.18,0.3843790956749672,0.7503372264016095,1.4246181963753926
0,SC-EC,2,0.18,0.39777195281782435,0.757277382510571,1.4410374462216458
0,SC-EC,2,0.18,0.40960845347313235,0.7574453782403666,1.4070691871650547
0,SC-EC,2,0.18,0.4223869593709043,0.7544352154119283,1.3931956372900736
0,SC-EC,2,0.18,0.4347968545216251,0.7518037358171404,1.3815813261330319
0,SC-EC,2,0.18,0.4480258846657929,0.75443616431013,1.3970943420154724
0,SC-EC,2,0.18,0.462606487549148,0.7620025730654614,1.4343283766028014
0,SC-EC,2,0.18,0.4745658584534731,0.7714402695321656,1.47543050847867
0,SC-EC,2,0.18,0.48840923984272605,0.7814843343759763,1.5286872751969032
0,SC-EC,2,0.18,0.5030111633372503,0.7895859674258359,1.5648228805138635
0,SC-EC,2,0.18,0.5323883666274971,0.7949332487272536,1.5863203068342573
0,SC-EC,2,0.18,0.560590481786134,0.7976581615902126,1.600133687540652
0,SC-EC,2,0.18,0.5855611045828437,0.7980235643339062,1.5986192331273859
0,SC-EC,2,0.18,0.6168111045828437,0.7975298502666586,1.5957819300267733
0,SC-EC,2,0.18,0.6477673325499412,0.7968032494551367,1.5914292870728093
0,SC-EC,2,0.18,0.6794212690951822,0.7963333868711551,1.5890301430029552
0,SC-EC,2,0.18,0.7074764982373678,0.7964481236194543,1.5911157563620515
0,SC-EC,2,0.18,0.7346504112808461,0.7968161664526561,1.5941430781946628
0,SC-EC,2,0.18,0.7625587544065805,0.7972660047889395,1.5982344859545379
0,SC-EC,2,0.18,0.7926703877790835,0.7976359148220211,1.599378472200546
0,SC-EC,2,0.18,0.8224148061104583,0.7980008408880719,1.6005316867117716
0,SC-EC,2,0.18,0.8493683901292597,0.7987852125430359,1.6033521668785127
0,SC-EC,2,0.18,0.8758813160987073,0.8006461197612899,1.6119306874008854
0,SC-EC,2,0.18,0.9012925969447708,0.804060840425848,1.6292685284516997
0,SC-EC,2,0.18,0.9281727379553467,0.809506652419724,1.6587667229981975
0,SC-EC,2,0.25,0.0573804062909567,0.4085194642943035,0.5797717238636986
0,SC-EC,2,0.25,0.08191349934469194,0.2819697292825404,0.2742232933061061
0,SC-EC,2,0.25,0.09592070773263431,0.3044374755866346,0.3211007228335051
0,SC-EC,2,0.25,0.11066513761467886,0.42649309462585855,0.5740605503431104
0,SC-EC,2,0.25,0.12446756225425945,0.5987069778194835,1.0223580710464062
0,SC-EC,2,0.25,0.14052260812581913,0.7482815053414713,1.6695069219861232
0,SC-EC,2,0.25,0.15624999999999994,0.8388539479289563,2.0771227550631246
0,SC-EC,2,0.25,0.17263269986893837,0.8714899574056623,1.8891068921202896
0,SC-EC,2,0.25,0.18500163826998683,0.8643238105544748,1.8551941839440036
0,SC-EC,2,0.25,0.1997870249017038,0.8432490134063467,1.8202742986132017
0,SC-EC,2,0.25,0.2151867627785059,0.8298003169002628,1.7764145412878138
0,SC-EC,2,0.25,0.23136467889908255,0.8258648730832847,1.739345543128147
0,SC-EC,2,0.25,0.24582241153342071,0.8188608186400812,1.702255077383121
0,SC-EC,2,0.25,0.26077162516382696,0.8070828336403948,1.6505123536039457
0,SC-EC,2,0.25,0.27436926605504586,0.7893791931001499,1.589922151991212
0,SC-EC,2,0.25,0.28870412844036697,0.7660872227500266,1.4775197456121072
0,SC-EC,2,0.25,0.3018922018348623,0.7406703115261043,1.341134599242679
0,SC-EC,2,0.25,0.31671854521625165,0.719181969058061,1.2534319377956056
0,SC-EC,2,0.25,0.32949705111402355,0.7066197617589303,1.2073764233747777
0,SC-EC,2,0.25,0.3434223460026212,0.7080974487172841,1.2139736446818277
0,SC-EC,2,0.25,0.35652850589777196,0.7210498857721102,1.2697037791027124
0,SC-EC,2,0.25,0.37033093053735255,0.7368459433613272,1.3423252392432576
0,SC-EC,2,0.25,0.3843790956749672,0.7503761117117529,1.4248281218741294
0,SC-EC,2,0.25,0.39777195281782435,0.7573064906403891,1.4411993374160057
0,SC-EC,2,0.25,0.40960845347313235,0.7574677742929634,1.4071542258587688
0,SC-EC,2,0.25,0.4223869593709043,0.7544483481383907,1.3932354793923394
0,SC-EC,2,0.25,0.4347968545216251,0.7518086979420944,1.3815980599366031
0,SC-EC,2,0.25,0.4480258846657929,0.7544369962156792,1.3970998919943438
0,SC-EC,2,0.25,0.462606487549148,0.7620024018202805,1.4343287806016376
0,SC-EC,2,0.25,0.4745658584534731,0.7714399718310252,1.475431139551013
0,SC-EC,2,0.25,0.48840923984272605,0.7814841518149737,1.5286880804345617
0,SC-EC,2,0.25,0.5030111633372503,0.7895859381142554,1.564823279670795
0,SC-EC,2,0.25,0.5323883666274971,0.7949333011391171,1.5863203723872916
0,SC-EC,2,0.25,0.560590481786134,0.7976581762815489,1.600133687540652
0,SC-EC,2,0.25,0.5855611045828437,0.7980235557861959,1.5986192331273859
0,SC-EC,2,0.25,0.6168111045828437,0.7975298434913056,1.5957819300267733
0,SC-EC,2,0.25,0.6477673325499412,0.7968032482353893,1.5914292870728093
0,SC-EC,2,0.25,0.6794212690951822,0.7963333868711551,1.5890301430029552
0,SC-EC,2,0.25,0.7074764982373678,0.7964481236194543,1.5911157563620515
0,SC-EC,2,0.25,0.7346504112808461,0.7968161664526561,1.5941430781946628
0,SC-EC,2,0.25,0.7625587544065805,0.7972660047889395,1.5982344859545379
0,SC-EC,2,0.25,0.7926703877790835,0.7976359148220211,1.599378472200546
0,SC-EC,2,0.25,0.8224148061104583,0.7980008408880721,1.6005316867117716
0,SC-EC,2,0.25,0.8493683901292597,0.798785212543036,1.6033521668785127
0,SC-EC,2,0.25,0.8758813160987073,0.8006461197612902,1.6119306874008876
0,SC-EC,2,0.25,0.9012925969447708,0.8040608404258484,1.629268528451702
0,SC-EC,2,0.25,0.9281727379553467,0.809506652419724,1.6587667229981975
0,SC-EC,2,0.5,0.0573804062909567,0.4016727948880097,0.5797717238636986
0,SC-EC,2,0.5,0.08191349934469194,0.32296653437190503,0.30990463943192276
0,SC-EC,2,0.5,0.09592070773263431,0.36871643412218463,0.41359793228396213
0,SC-EC,2,0.5,0.11066513761467886,0.4954593952047802,0.7267133134462245
0,SC-EC,2,0.5,0.12446756225425945,0.6597323186856229,1.2275979686941914
0,SC-EC,2,0.5,0.14052260812581913,0.7988547355389497,1.8988539631659023
0,SC-EC,2,0.5,0.15624999999999994,0.8743289966641962,2.30098654022007
0,SC-EC,2,0.5,0.17263269986893837,0.8951852063048132,2.083038103917053
0,SC-EC,2,0.5,0.18500163826998683,0.8824899972860911,2.005068914786114
0,SC-EC,2,0.5,0.1997870249017038,0.8597163960052665,1.9282914126858057
0,SC-EC,2,0.5,0.2151867627785059,0.8437912363013691,1.8544649980272556
0,SC-EC,2,0.5,0.23136467889908255,0.8364629213190053,1.8013856288746135
0,SC-EC,2,0.5,0.24582241153342071,0.8274710057734693,1.7518857909468737
0,SC-EC,2,0.5,0.26077162516382696,0.8142475210098049,1.6891544824007292
0,SC-EC,2,0.5,0.27436926605504586,0.7951593176470784,1.61942896335055
0,SC-EC,2,0.5,0.28870412844036697,0.7704031578423749,1.49788163771855
0,SC-EC,2,0.5,0.3018922018348623,0.7436443684930676,1.3523762210579953
0,SC-EC,2,0.5,0.31671854521625165,0.7210174255992485,1.2589513727509363
0,SC-EC,2,0.5,0.32949705111402355,0.7075897639184981,1.2101218194890204
0,SC-EC,2,0.5,0.3434223460026212,0.7085379528676524,1.2156910404705377
0,SC-EC,2,0.5,0.35652850589777196,0.7212832282288102,1.2706592444587763
0,SC-EC,2,0.5,0.37033093053735255,0.7370181621297998,1.3430766981940638
0,SC-EC,2,0.5,0.3843790956749672,0.7505149985940321,1.4255778557981895
0,SC-EC,2,0.5,0.39777195281782435,0.7574104362070975,1.4417775202530052
0,SC-EC,2,0.5,0.40960845347313235,0.7575477384061955,1.4074579354791765
0,SC-EC,2,0.5,0.4223869593709043,0.7544952411789865,1.3933777726147174
0,SC-EC,2,0.5,0.4347968545216251,0.7518264212611612,1.381657823520787
0,SC-EC,2,0.5,0.4480258846657929,0.7544399703395883,1.3971197133474567
0,SC-EC,2,0.5,0.462606487549148,0.7620017912373127,1.4343302234546247
0,SC-EC,2,0.5,0.4745658584534731,0.7714389088592521,1.4754333933808093
0,SC-EC,2,0.5,0.48840923984272605,0.7814834998592346,1.5286909562833422
0,SC-EC,2,0.5,0.5030111633372503,0.7895858334352084,1.5648247052312645
0,SC-EC,2,0.5,0.5323883666274971,0.7949334883240684,1.586320606505271
0,SC-EC,2,0.5,0.560590481786134,0.7976582287505573,1.600133687540652
0,SC-EC,2,0.5,0.5855611045828437,0.7980235252587458,1.5986192331273859
0,SC-EC,2,0.5,0.6168111045828437,0.7975298192936412,1.5957819300267733
0,SC-EC,2,0.5,0.6477673325499412,0.7968032438791488,1.5914292870728093
0,SC-EC,2,0.5,0.6794212690951822,0.7963333868711551,1.5890301430029552
0,SC-EC,2,0.5,0.7074764982373678,0.7964481236194543,1.5911157563620515
0,SC-EC,2,0.5,0.7346504112808461,0.7968161664526561,1.5941430781946628
0,SC-EC,2,0.5,0.7625587544065805,0.7972660047889393,1.5982344859545379
0,SC-EC,2,0.5,0.7926703877790835,0.7976359148220211,1.599378472200546
0,SC-EC,2,0.5,0.8224148061104583,0.7980008408880723,1.6005316867117716
0,SC-EC,2,0.5,0.8493683901292597,0.7987852125430367,1.6033521668785127
0,SC-EC,2,0.5,0.8758813160987073,0.8006461197612911,1.6119306874008956
0,SC-EC,2,0.5,0.9012925969447708,0.8040608404258494,1.62926852845171
0,SC-EC,2,0.5,0.9281727379553467,0.8095066524197246,1.6587667229981975
0,SC-EC,2,0.75,0.0573804062909567,0.3965978478939651,0.5797717238636986
0,SC-EC,2,0.75,0.08191349934469194,0.3602084417183589,0.34558598555773945
0,SC-EC,2,0.75,0.09592070773263431,0.42569925558331606,0.5060951417344193
0,SC-EC,2,0.75,0.11066513761467886,0.5552982274193918,0.8793660765493387
0,SC-EC,2,0.75,0.12446756225425945,0.7112332951571408,1.432837866341976
0,SC-EC,2,0.75,0.14052260812581913,0.8403471185050757,2.1282010043456814
0,SC-EC,2,0.75,0.15624999999999994,0.9027805850519173,2.524850325377015
0,SC-EC,2,0.75,0.17263269986893837,0.9144468804725734,2.2769693157138167
0,SC-EC,2,0.75,0.18500163826998683,0.8980215470609422,2.154943645628225
0,SC-EC,2,0.75,0.1997870249017038,0.8743308891029568,2.0363085267584102
0,SC-EC,2,0.75,0.2151867627785059,0.8565815976333337,1.9325154547666976
0,SC-EC,2,0.75,0.23136467889908255,0.8464839696399162,1.86342571462108
0,SC-EC,2,0.75,0.24582241153342071,0.8357387351401431,1.8015165045106265
0,SC-EC,2,0.75,0.26077162516382696,0.8211739701004966,1.7277966111975127
0,SC-EC,2,0.75,0.27436926605504586,0.8007794954960072,1.648935774709888
0,SC-EC,2,0.75,0.28870412844036697,0.7746312685648112,1.518243529824993
0,SC-EC,2,0.75,0.3018922018348623,0.7465789979376796,1.3636178428733117
0,SC-EC,2,0.75,0.31671854521625165,0.722841327830412,1.2644708077062672
0,SC-EC,2,0.75,0.32949705111402355,0.7085614625114183,1.212867215603263
0,SC-EC,2,0.75,0.3434223460026212,0.7089826094795243,1.2174084362592477
0,SC-EC,2,0.75,0.35652850589777196,0.7215183083819006,1.2716147098148403
0,SC-EC,2,0.75,0.37033093053735255,0.7371907400620157,1.34382815714487
0,SC-EC,2,0.75,0.3843790956749672,0.7506539020340373,1.4263275897222498
0,SC-EC,2,0.75,0.39777195281782435,0.757514362911502,1.442355703090005
0,SC-EC,2,0.75,0.40960845347313235,0.7576276684850467,1.407761645099584
0,SC-EC,2,0.75,0.4223869593709043,0.7545421192958388,1.3935200658370954
0,SC-EC,2,0.75,0.4347968545216251,0.7518441468329629,1.3817175871049707
0,SC-EC,2,0.75,0.4480258846657929,0.754442949199291,1.3971395347005693
0,SC-EC,2,0.75,0.462606487549148,0.762001182227292,1.4343316663076116
0,SC-EC,2,0.75,0.4745658584534731,0.7714378462727216,1.4754356472106054
0,SC-EC,2,0.75,0.48840923984272605,0.7814828479782442,1.5286938321321226
0,SC-EC,2,0.75,0.5030111633372503,0.789585728764238,1.564826130791734
0,SC-EC,2,0.75,0.5323883666274971,0.7949336755085895,1.5863208406232507
0,SC-EC,2,0.75,0.560590481786134,0.7976582812194882,1.600133687540652
0,SC-EC,2,0.75,0.5855611045828437,0.7980234947314309,1.5986192331273859
0,SC-EC,2,0.75,0.6168111045828437,0.7975297950960146,1.5957819300267733
0,SC-EC,2,0.75,0.6477673325499412,0.7968032395229092,1.5914292870728093
0,SC-EC,2,0.75,0.6794212690951822,0.7963333868711551,1.5890301430029552
0,SC-EC,2,0.75,0.7074764982373678,0.7964481236194543,1.5911157563620515
0,SC-EC,2,0.75,0.7346504112808461,0.7968161664526561,1.5941430781946628
0,SC-EC,2,0.75,0.7625587544065805,0.797266004788939,1.5982344859545379
0,SC-EC,2,0.75,0.7926703877790835,0.7976359148220211,1.599378472200546
0,SC-EC,2,0.75,0.8224148061104583,0.7980008408880728,1.6005316867117716
0,SC-EC,2,0.75,0.8493683901292597,0.7987852125430375,1.6033521668785127
0,SC-EC,2,0.75,0.8758813160987073,0.8006461197612921,1.6119306874009038
0,SC-EC,2,0.75,0.9012925969447708,0.8040608404258501,1.6292685284517183
0,SC-EC,2,0.75,0.9281727379553467,0.8095066524197246,1.6587667229981975
0,SC-EC,2,1.0,0.0573804062909567,0.39300995787850784,0.5797717238636986
0,SC-EC,2,1.0,0.08191349934469194,0.3940772151115834,0.3812673316835561
0,SC-EC,2,1.0,0.09592070773263431,0.47632731371269044,0.5985923511848763
0,SC-EC,2,1.0,0.11066513761467886,0.6073708588507276,1.0320188396524528
0,SC-EC,2,1.0,0.12446756225425945,0.7548184556945925,1.6380777639897612
0,SC-EC,2,1.0,0.14052260812581913,0.8743930799532365,2.3575480455254603
0,SC-EC,2,1.0,0.15624999999999994,0.9255541950167641,2.7487141105339603
0,SC-EC,2,1.0,0.17263269986893837,0.9301194251745144,2.4709005275105804
0,SC-EC,2,1.0,0.18500163826998683,0.9113330352276308,2.304818376470336
0,SC-EC,2,1.0,0.1997870249017038,0.8873127311779636,2.1443256408310143
0,SC-EC,2,1.0,0.2151867627785059,0.8682724500763284,2.0105659115061396
0,SC-EC,2,1.0,0.23136467889908255,0.8559408736683165,1.9254658003675464
0,SC-EC,2,1.0,0.24582241153342071,0.8436658880491044,1.8511472180743793
0,SC-EC,2,1.0,0.26077162516382696,0.8278661833260035,1.7664387399942962
0,SC-EC,2,1.0,0.27436926605504586,0.8062432496861123,1.6784425860692262
0,SC-EC,2,1.0,0.28870412844036697,0.778772841092751,1.538605421931436
0,SC-EC,2,1.0,0.3018922018348623,0.7494743412099364,1.3748594646886279
0,SC-EC,2,1.0,0.31671854521625165,0.7246534439648973,1.269990242661598
0,SC-EC,2,1.0,0.32949705111402355,0.709534589841587,1.2156126117175055
0,SC-EC,2,1.0,0.3434223460026212,0.7094312807566574,1.2191258320479577
0,SC-EC,2,1.0,0.35652850589777196,0.7217550974009749,1.2725701751709042
0,SC-EC,2,1.0,0.37033093053735255,0.7373636735734406,1.344579616095676
0,SC-EC,2,1.0,0.3843790956749672,0.7507928216675355,1.42707732364631
0,SC-EC,2,1.0,0.39777195281782435,0.7576182706877758,1.4429338859270047
0,SC-EC,2,1.0,0.40960845347313235,0.7577075645436904,1.4080653547199917
0,SC-EC,2,1.0,0.4223869593709043,0.754588982494532,1.3936623590594734
0,SC-EC,2,1.0,0.4347968545216251,0.7518618746524024,1.3817773506891546
0,SC-EC,2,1.0,0.4480258846657929,0.7544459327911819,1.3971593560536821
0,SC-EC,2,1.0,0.462606487549148,0.7620005747896481,1.4343331091605986
0,SC-EC,2,1.0,0.4745658584534731,0.7714367840713725,1.4754379010404015
0,SC-EC,2,1.0,0.48840923984272605,0.7814821961719978,1.528696707980903
0,SC-EC,2,1.0,0.5030111633372503,0.7895856241013441,1.5648275563522036
0,SC-EC,2,1.0,0.5323883666274971,0.7949338626926803,1.5863210747412302
0,SC-EC,2,1.0,0.560590481786134,0.7976583336883416,1.600133687540652
0,SC-EC,2,1.0,0.5855611045828437,0.7980234642042512,1.5986192331273859
0,SC-EC,2,1.0,0.6168111045828437,0.797529770898426,1.5957819300267733
0,SC-EC,2,1.0,0.6477673325499412,0.7968032351666708,1.5914292870728093
0,SC-EC,2,1.0,0.6794212690951822,0.7963333868711551,1.5890301430029552
0,SC-EC,2,1.0,0.7074764982373678,0.7964481236194543,1.5911157563620515
0,SC-EC,2,1.0,0.7346504112808461,0.7968161664526561,1.5941430781946628
0,SC-EC,2,1.0,0.7625587544065805,0.797266004788939,1.5982344859545379
0,SC-EC,2,1.0,0.7926703877790835,0.7976359148220211,1.599378472200546
0,SC-EC,2,1.0,0.8224148061104583,0.7980008408880731,1.6005316867117716
0,SC-EC,2,1.0,0.8493683901292597,0.7987852125430382,1.6033521668785127
0,SC-EC,2,1.0,0.8758813160987073,0.8006461197612931,1.6119306874009118
0,SC-EC,2,1.0,0.9012925969447708,0.8040608404258511,1.6292685284517268
0,SC-EC,2,1.0,0.9281727379553467,0.8095066524197251,1.6587667229981975
1,SC-beta,1,0.0,0.023633257403189,0.39736005248749845,0.5181685323864044
1,SC-beta,1,0.0,0.034453302961275606,0.3809079141116949,0.469745987887076
1,SC-beta,1,0.0,0.0448665798893589,0.40449812449307526,0.5032513606605072
1,SC-beta,1,0.0,0.0551171493654409,0.45640221135566017,0.6000016602695445
1,SC-beta,1,0.0,0.0676456231695411,0.5248917024234702,0.748859018494197
1,SC-beta,1,0.0,0.07956394402863645,0.5924736058574332,1.0258678154725014
1,SC-beta,1,0.0,0.09888545395379106,0.65588605977589,1.0225328151944721
1,SC-beta,1,0.0,0.12150178978197196,0.70786518284437,1.1692821619492624
1,SC-beta,1,0.0,0.13809794988610474,0.7462439072935857,1.368615152796247
1,SC-beta,1,0.0,0.1542059876342336,0.7728643054269013,1.5660255106301773
1,SC-beta,1,0.0,0.171127562642369,0.8014243965864135,1.623818921192694
1,SC-beta,1,0.0,0.1896762121705174,0.8139674102566965,1.661234168432712
1,SC-beta,1,0.0,0.20769606247966155,0.8171735638175156,1.681201963249424
1,SC-beta,1,0.0,0.22526846729580213,0.8178094419204227,1.690095976455273
1,SC-beta,1,0.0,0.2437764399609502,0.8190105352566062,1.6948199354416704
1,SC-beta,1,0.0,0.261999674585096,0.8146208649513984,1.6883586552191407
1,SC-beta,1,0.0,0.284371949235275,0.802304998333548,1.6616625704955166
1,SC-beta,1,0.0,0.30373413602342986,0.7824234358677824,1.5598790806973764
1,SC-beta,1,0.0,0.3246827204685975,0.7584468405631886,1.4166346127796454
1,SC-beta,1,0.0,0.3451431825577611,0.7366081427452322,1.3121719676401375
1,SC-beta,1,0.0,0.36641718190693134,0.7242702266331652,1.2654085718050045
1,SC-beta,1,0.0,0.3871623820370973,0.7278338645512105,1.2796834707255227
1,SC-beta,1,0.0,0.4053449397982427,0.7454085705184559,1.3528145092410433
1,SC-beta,1,0.0,0.4283273673934266,0.7686326536043331,1.4735808059598907
1,SC-beta,1,0.0,0.4489505369345916,0.7902247426665275,1.6063040602215428
1,SC-beta,1,0.0,0.46884152294175074,0.8053100726760898,1.6684459023745546
1,SC-beta,1,0.0,0.489627399934917,0.8120881064989077,1.664500990862513
1,SC-beta,1,0.0,0.5275051124744377,0.8121408506902501,1.6555998314153269
1,SC-beta,1,0.0,0.5816973415132924,0.8093349168775192,1.648622075336413
1,SC-beta,1,0.0,0.624642126789366,0.807482637742561,1.6433710104112729
1,SC-beta,1,0.0,0.6677914110429448,0.8068214280985883,1.6423173494542154
1,SC-beta,1,0.0,0.7191206543967281,0.8057106208656837,1.6388030265203317
1,SC-beta,1,0.0,0.7680981595092025,0.8032292726742817,1.6261080827546754
1,SC-beta,1,0.0,0.8213701431492842,0.798225449543743,1.600611274519602
1,SC-beta,1,0.0,0.8677914110429448,0.7897631005141493,1.559273107807233
1,SC-beta,1,0.0,0.9144171779141104,0.7769061746255821,1.5002307485444402
1,SC-beta,1,0.18,0.023633257403189,0.4026915923761367,0.5275580965659539
1,SC-beta,1,0.18,0.034453302961275606,0.38713225031008347,0.4786461427087053
1,SC-beta,1,0.18,0.0448665798893589,0.41477772641830085,0.5203364011098454
1,SC-beta,1,0.18,0.0551171493654409,0.4727197660912186,0.6321842821808895
1,SC-beta,1,0.18,0.0676456231695411,0.5480501147192658,0.8012903185505157
1,SC-beta,1,0.18,0.07956394402863645,0.6222074177383151,1.102934905599005
1,SC-beta,1,0.18,0.09888545395379106,0.6896321221399588,1.126115756398646
1,SC-beta,1,0.18,0.12150178978197196,0.7427697916249081,1.2994632906361197
1,SC-beta,1,0.18,0.13809794988610474,0.7795439146992267,1.5135933442202816
1,SC-beta,1,0.18,0.1542059876342336,0.8021668191644068,1.7078920111351399
1,SC-beta,1,0.18,0.171127562642369,0.8241602280678606,1.7449571424562542
1,SC-beta,1,0.18,0.1896762121705174,0.8301544187008298,1.7508792073363486
1,SC-beta,1,0.18,0.20769606247966155,0.8280014001205214,1.7400265158089838
1,SC-beta,1,0.18,0.22526846729580213,0.8247150233151809,1.7241348646842127
1,SC-beta,1,0.18,0.2437764399609502,0.8232373746742554,1.7142446168484293
1,SC-beta,1,0.18,0.261999674585096,0.817615129360381,1.7046324685918899
1,SC-beta,1,0.18,0.284371949235275,0.8048792432317533,1.6771433521512016
1,SC-beta,1,0.18,0.30373413602342986,0.784816164774126,1.5738160204498448
1,SC-beta,1,0.18,0.3246827204685975,0.7605043166040906,1.4267725918925058
1,SC-beta,1,0.18,0.3451431825577611,0.7380645297185511,1.31713613485256
1,SC-beta,1,0.18,0.36641718190693134,0.7250861459806164,1.2671877588090217
1,SC-beta,1,0.18,0.3871623820370973,0.7281256772623693,1.2803030915497302
1,SC-beta,1,0.18,0.4053449397982427,0.7454195047395695,1.3530719102011561
1,SC-beta,1,0.18,0.4283273673934266,0.7685992817250822,1.4737218322000891
1,SC-beta,1,0.18,0.4489505369345916,0.790213538191396,1.6063866861785148
1,SC-beta,1,0.18,0.46884152294175074,0.8053087853602978,1.6684669312103437
1,SC-beta,1,0.18,0.489627399934917,0.8120877415323964,1.664500990862513
1,SC-beta,1,0.18,0.5275051124744377,0.8121395876578454,1.6555998314153269
1,SC-beta,1,0.18,0.5816973415132924,0.8093336502210857,1.648622075336413
1,SC-beta,1,0.18,0.624642126789366,0.8074822761607001,1.6433710104112729
1,SC-beta,1,0.18,0.6677914110429448,0.8068214276535071,1.6423173494542154
1,SC-beta,1,0.18,0.7191206543967281,0.8057106238131357,1.6388030265203317
1,SC-beta,1,0.18,0.7680981595092025,0.8032292790487159,1.6261080827546754
1,SC-beta,1,0.18,0.8213701431492842,0.7982254580244783,1.6006113373062913
1,SC-beta,1,0.18,0.8677914110429448,0.7897631084770486,1.5592731712517292
1,SC-beta,1,0.18,0.9144171779141104,0.7769061781430517,1.5002307485444402
1,SC-beta,1,0.25,0.023633257403189,0.4047086862384359,0.5312095937468898
1,SC-beta,1,0.25,0.034453302961275606,0.3895917355318489,0.4821073140282278
1,SC-beta,1,0.25,0.0448665798893589,0.4187707464296325,0.5269805835068102
1,SC-beta,1,0.25,0.0551171493654409,0.47891118802576305,0.6446997462575237
1,SC-beta,1,0.25,0.0676456231695411,0.5566785294142162,0.8216802685724175
1,SC-beta,1,0.25,0.07956394402863645,0.633100009318039,1.1329054406482009
1,SC-beta,1,0.25,0.09888545395379106,0.7018080223299341,1.16639801131138
1,SC-beta,1,0.25,0.12150178978197196,0.7552130912104742,1.3500892851254531
1,SC-beta,1,0.25,0.13809794988610474,0.7913355912413776,1.569973751996295
1,SC-beta,1,0.25,0.1542059876342336,0.8125406685351538,1.76306231688707
1,SC-beta,1,0.25,0.171127562642369,0.8322559733064514,1.7920664507254165
1,SC-beta,1,0.25,0.1896762121705174,0.8360043185362953,1.785741166909985
1,SC-beta,1,0.25,0.20769606247966155,0.8319998863743115,1.762902730693257
1,SC-beta,1,0.25,0.22526846729580213,0.8273255388106615,1.737372210106578
1,SC-beta,1,0.25,0.2437764399609502,0.8248713913340442,1.7217986596177246
1,SC-beta,1,0.25,0.261999674585096,0.8187823553221254,1.7109611737924035
1,SC-beta,1,0.25,0.284371949235275,0.8058790028998637,1.6831636561284125
1,SC-beta,1,0.25,0.30373413602342986,0.7857409631765034,1.5792359414646935
1,SC-beta,1,0.25,0.3246827204685975,0.7612985680957111,1.4307151393252848
1,SC-beta,1,0.25,0.3451431825577611,0.7386274343175576,1.319066644324058
1,SC-beta,1,0.25,0.36641718190693134,0.7254022767024491,1.2678796648661395
1,SC-beta,1,0.25,0.3871623820370973,0.728239380144096,1.2805440552035885
1,SC-beta,1,0.25,0.4053449397982427,0.7454242069008892,1.3531720105745333
1,SC-beta,1,0.25,0.4283273673934266,0.7685864450711819,1.473776675737944
1,SC-beta,1,0.25,0.4489505369345916,0.7902091998751849,1.606418818495115
1,SC-beta,1,0.25,0.46884152294175074,0.8053082867775508,1.6684751090909284
1,SC-beta,1,0.25,0.489627399934917,0.8120875998791136,1.664500990862513
1,SC-beta,1,0.25,0.5275051124744377,0.8121390965642132,1.6555998314153269
1,SC-beta,1,0.25,0.5816973415132924,0.8093331576647333,1.648622075336413
1,SC-beta,1,0.25,0.624642126789366,0.8074821355475789,1.6433710104112729
1,SC-beta,1,0.25,0.6677914110429448,0.80682142748042,1.6423173494542154
1,SC-beta,1,0.25,0.7191206543967281,0.8057106249593671,1.6388030265203317
1,SC-beta,1,0.25,0.7680981595092025,0.8032292815276623,1.6261080827546754
1,SC-beta,1,0.25,0.8213701431492842,0.7982254613225416,1.6006113617233373
1,SC-beta,1,0.25,0.8677914110429448,0.789763111573731,1.5592731959245887
1,SC-beta,1,0.25,0.9144171779141104,0.7769061795109559,1.5002307485444402
1,SC-beta,1,0.5,0.023633257403189,0.4116806451412159,0.5442506551073751
1,SC-beta,1,0.5,0.034453302961275606,0.3985273066659495,0.49446864016937964
1,SC-beta,1,0.5,0.0448665798893589,0.4329831384555368,0.5507098063531132
1,SC-beta,1,0.5,0.0551171493654409,0.5003356419984211,0.6893978322455028
1,SC-beta,1,0.5,0.0676456231695411,0.5858723187830446,0.894501518650638
1,SC-beta,1,0.5,0.07956394402863645,0.6691991267583625,1.2399430658239003
1,SC-beta,1,0.5,0.09888545395379106,0.7413994206954246,1.3102632074282878
1,SC-beta,1,0.5,0.12150178978197196,0.7950549765582696,1.5308964083016436
1,SC-beta,1,0.5,0.13809794988610474,0.8287635623272573,1.7713323511963432
1,SC-beta,1,0.5,0.1542059876342336,0.8454637331446377,1.9600991231439626
1,SC-beta,1,0.5,0.171127562642369,0.8581476646342037,1.9603139802581386
1,SC-beta,1,0.5,0.1896762121705174,0.8550692275025866,1.9102481653872578
1,SC-beta,1,0.5,0.20769606247966155,0.8453798754992123,1.84460349813709
1,SC-beta,1,0.5,0.22526846729580213,0.8363105428169771,1.7846484437578833
1,SC-beta,1,0.5,0.2437764399609502,0.8306492125648838,1.7487773837937788
1,SC-beta,1,0.5,0.261999674585096,0.8229557627532604,1.733563692365666
1,SC-beta,1,0.5,0.284371949235275,0.8094411622421498,1.7046647417613081
1,SC-beta,1,0.5,0.30373413602342986,0.7890176626005405,1.5985928022320108
1,SC-beta,1,0.5,0.3246827204685975,0.7641085914053418,1.4447956658709242
1,SC-beta,1,0.5,0.3451431825577611,0.7406221049063961,1.3259613210079781
1,SC-beta,1,0.5,0.36641718190693134,0.7265259850619337,1.2703507579272744
1,SC-beta,1,0.5,0.3871623820370973,0.7286464342845822,1.2814046396816545
1,SC-beta,1,0.5,0.4053449397982427,0.7454430339858695,1.3535295119080233
1,SC-beta,1,0.5,0.4283273673934266,0.7685412425407653,1.4739725455159975
1,SC-beta,1,0.5,0.4489505369345916,0.7901937924938309,1.606533576768687
1,SC-beta,1,0.5,0.46884152294175074,0.8053065154444661,1.6685043158073023
1,SC-beta,1,0.5,0.489627399934917,0.8120870952456314,1.664500990862513
1,SC-beta,1,0.5,0.5275051124744377,0.8121373430498051,1.6555998314153269
1,SC-beta,1,0.5,0.5816973415132924,0.8093313986823691,1.648622075336413
1,SC-beta,1,0.5,0.624642126789366,0.8074816333672172,1.6433710104112729
1,SC-beta,1,0.5,0.6677914110429448,0.8068214268622518,1.6423173494542154
1,SC-beta,1,0.5,0.7191206543967281,0.8057106290530499,1.6388030265203317
1,SC-beta,1,0.5,0.7680981595092025,0.803229290381042,1.6261080827546754
1,SC-beta,1,0.5,0.8213701431492842,0.7982254731013392,1.6006114489270726
1,SC-beta,1,0.5,0.8677914110429448,0.7897631226333119,1.5592732840419443
1,SC-beta,1,0.5,0.9144171779141104,0.7769061843963294,1.5002307485444402
1,SC-beta,1,0.75,0.023633257403189,0.418331113233595,0.5572917164678606
1,SC-beta,1,0.75,0.034453302961275606,0.4076567560815072,0.5068299663105315
1,SC-beta,1,0.75,0.0448665798893589,0.44707718653466805,0.5744390291994161
1,SC-beta,1,0.75,0.0551171493654409,0.5207181757762445,0.734095918233482
1,SC-beta,1,0.75,0.0676456231695411,0.6127054949894033,0.9673227687288584
1,SC-beta,1,0.75,0.07956394402863645,0.7013376496730981,1.3469806909995996
1,SC-beta,1,0.75,0.09888545395379106,0.7755936824237017,1.4541284035451958
1,SC-beta,1,0.75,0.12150178978197196,0.8286004058162657,1.7117035314778344
1,SC-beta,1,0.75,0.13809794988610474,0.8598177569991547,1.9726909503963916
1,SC-beta,1,0.75,0.1542059876342336,0.8727815293002701,2.157135929400855
1,SC-beta,1,0.75,0.171127562642369,0.8799200633508197,2.128561509790861
1,SC-beta,1,0.75,0.1896762121705174,0.8716026908823433,2.0347551638645305
1,SC-beta,1,0.75,0.20769606247966155,0.8574681774123513,1.926304265580923
1,SC-beta,1,0.75,0.22526846729580213,0.8447784354297802,1.8319246774091884
1,SC-beta,1,0.75,0.2437764399609502,0.8363170376110178,1.775756107969833
1,SC-beta,1,0.75,0.261999674585096,0.8271239490425781,1.7561662109389289
1,SC-beta,1,0.75,0.284371949235275,0.8129864026757831,1.726165827394204
1,SC-beta,1,0.75,0.30373413602342986,0.7922534161659017,1.617949662999328
1,SC-beta,1,0.75,0.3246827204685975,0.7668775657525382,1.4588761924165634
1,SC-beta,1,0.75,0.3451431825577611,0.7425925059675784,1.3328559976918986
1,SC-beta,1,0.75,0.36641718190693134,0.727641408819796,1.2728218509884095
1,SC-beta,1,0.75,0.3871623820370973,0.7290549483243467,1.2822652241597203
1,SC-beta,1,0.75,0.4053449397982427,0.7454649975622372,1.3538870132415133
1,SC-beta,1,0.75,0.4283273673934266,0.7684970383638293,1.4741684152940508
1,SC-beta,1,0.75,0.4489505369345916,0.7901785201500973,1.6066483350422591
1,SC-beta,1,0.75,0.46884152294175074,0.8053047586618196,1.6685335225236761
1,SC-beta,1,0.75,0.489627399934917,0.8120865925975443,1.664500990862513
1,SC-beta,1,0.75,0.5275051124744377,0.8121355901468887,1.6555998314153269
1,SC-beta,1,0.75,0.5816973415132924,0.8093296399303993,1.648622075336413
1,SC-beta,1,0.75,0.624642126789366,0.807481131201476,1.6433710104112729
1,SC-beta,1,0.75,0.6677914110429448,0.8068214262440835,1.6423173494542154
1,SC-beta,1,0.75,0.7191206543967281,0.8057106331467325,1.6388030265203317
1,SC-beta,1,0.75,0.7680981595092025,0.8032292992344205,1.6261080827546754
1,SC-beta,1,0.75,0.8213701431492842,0.7982254848801356,1.600611536130808
1,SC-beta,1,0.75,0.8677914110429448,0.7897631336928919,1.5592733721593002
1,SC-beta,1,0.75,0.9144171779141104,0.776906189281703,1.5002307485444402
1,SC-beta,1,1.0,0.023633257403189,0.4247082999616916,0.5703327778283459
1,SC-beta,1,1.0,0.034453302961275606,0.4169282188017891,0.5191912924516833
1,SC-beta,1,1.0,0.0448665798893589,0.46100450304514196,0.5981682520457192
1,SC-beta,1,1.0,0.0551171493654409,0.5401031298495211,0.7787940042214612
1,SC-beta,1,1.0,0.0676456231695411,0.637390076372697,1.0401440188070787
1,SC-beta,1,1.0,0.07956394402863645,0.7300055179553611,1.4540183161752993
1,SC-beta,1,1.0,0.09888545395379106,0.8051791554434823,1.5979935996621037
1,SC-beta,1,1.0,0.12150178978197196,0.8568600079111154,1.892510654654025
1,SC-beta,1,1.0,0.13809794988610474,0.8855704143354735,2.1740495495964396
1,SC-beta,1,1.0,0.1542059876342336,0.89544600993603,2.354172735657748
1,SC-beta,1,1.0,0.171127562642369,0.8982542073721171,2.296809039323583
1,SC-beta,1,1.0,0.1896762121705174,0.8859758563655578,2.1592621623418036
1,SC-beta,1,1.0,0.20769606247966155,0.8684025929008679,2.008005033024756
1,SC-beta,1,1.0,0.22526846729580213,0.8527478379243343,1.8792009110604935
1,SC-beta,1,1.0,0.2437764399609502,0.8418546211828459,1.8027348321458871
1,SC-beta,1,1.0,0.261999674585096,0.831272401893883,1.7787687295121917
1,SC-beta,1,1.0,0.284371949235275,0.816510196226713,1.7476669130270999
1,SC-beta,1,1.0,0.30373413602342986,0.7954481501797499,1.6373065237666453
1,SC-beta,1,1.0,0.3246827204685975,0.7696061362769924,1.4729567189622028
1,SC-beta,1,1.0,0.3451431825577611,0.7445389836783383,1.3397506743758187
1,SC-beta,1,1.0,0.36641718190693134,0.7287486051890917,1.2752929440495444
1,SC-beta,1,1.0,0.3871623820370973,0.7294648455300861,1.2831258086377864
1,SC-beta,1,1.0,0.4053449397982427,0.7454900442232772,1.3542445145750033
1,SC-beta,1,1.0,0.4283273673934266,0.7684538249450101,1.4743642850721044
1,SC-beta,1,1.0,0.4489505369345916,0.790163382472557,1.6067630933158312
1,SC-beta,1,1.0,0.46884152294175074,0.8053030164146087,1.66856272924005
1,SC-beta,1,1.0,0.489627399934917,0.8120860919339362,1.664500990862513
1,SC-beta,1,1.0,0.5275051124744377,0.8121338378553269,1.6555998314153269
1,SC-beta,1,1.0,0.5816973415132924,0.8093278814087967,1.648622075336413
1,SC-beta,1,1.0,0.624642126789366,0.8074806290503544,1.6433710104112729
1,SC-beta,1,1.0,0.6677914110429448,0.8068214256259154,1.6423173494542154
1,SC-beta,1,1.0,0.7191206543967281,0.8057106372404148,1.6388030265203317
1,SC-beta,1,1.0,0.7680981595092025,0.8032293080877984,1.6261080827546754
1,SC-beta,1,1.0,0.8213701431492842,0.7982254966589306,1.6006116233345433
1,SC-beta,1,1.0,0.8677914110429448,0.7897631447524702,1.5592734602766558
1,SC-beta,1,1.0,0.9144171779141104,0.7769061941670752,1.5002307485444402
1,SC-beta,2,0.0,0.0610966482264887,0.40226824625282037,0.5525045946444604
1,SC-beta,2,0.0,0.0832655385616661,0.23552745559750843,0.23737542437743803
1,SC-beta,2,0.0,0.09652619589977215,0.23806018252470662,0.23697277505022005
1,SC-beta,2,0.0,0.1088919622518711,0.35568174341536113,0.4349819830021882
1,SC-beta,2,0.0,0.1228034493979824,0.5342074546504181,0.834013615635343
1,SC-beta,2,0.0,0.13846404165310766,0.6918937664835906,1.4597884020932053
1,SC-beta,2,0.0,0.15493817116823944,0.7970231074735767,1.8679002382536023
1,SC-beta,2,0.0,0.1706394402863651,0.8422619534416055,1.6871975241612631
1,SC-beta,2,0.0,0.18516108037748125,0.8412270784606242,1.692900975863326
1,SC-beta,2,0.0,0.19919459811259355,0.8211415792372196,1.697899640963807
1,SC-beta,2,0.0,0.21546534331272366,0.8089201438885217,1.6761516543925055
1,SC-beta,2,0.0,0.22925479986983405,0.8067166656306677,1.6431972438196165
1,SC-beta,2,0.0,0.24438659290595505,0.7999177002694372,1.6058727689232855
1,SC-beta,2,0.0,0.2594370322160755,0.7921144584587827,1.568687230770051
1,SC-beta,2,0.0,0.2733891962251871,0.7885664062695338,1.5420000969003047
1,SC-beta,2,0.0,0.28522616335828177,0.7846486786160862,1.5074803808816708
1,SC-beta,2,0.0,0.2994630654083957,0.774601294640759,1.4854546958539214
1,SC-beta,2,0.0,0.31203221607549625,0.7544742300820517,1.4792423630529743
1,SC-beta,2,0.0,0.32578099576960623,0.7243106697591285,1.3190154964870922
1,SC-beta,2,0.0,0.33916368369671324,0.6886833213317077,1.1572332225648276
1,SC-beta,2,0.0,0.3528311096648226,0.6541789266489968,1.0394585983326314
1,SC-beta,2,0.0,0.36605109013992837,0.6317285833395634,0.9829666629212813
1,SC-beta,2,0.0,0.378498210218028,0.6351682315331686,0.9856309360450537
1,SC-beta,2,0.0,0.3928164659941425,0.6568494590048473,1.0442347008696178
1,SC-beta,2,0.0,0.4078669053042629,0.6876096186159026,1.171449645353081
1,SC-beta,2,0.0,0.41950048812235596,0.7181439607382338,1.332225896775746
1,SC-beta,2,0.0,0.43357468272046856,0.7423538711333747,1.3740716733987641
1,SC-beta,2,0.0,0.4461031565245688,0.7570622555769638,1.402703482304216
1,SC-beta,2,0.0,0.4600959973966807,0.7630242929721982,1.4233602521276634
1,SC-beta,2,0.0,0.47404816140579237,0.7660820903863577,1.4513394228554544
1,SC-beta,2,0.0,0.48686137325089485,0.7725653446891713,1.476489398994728
1,SC-beta,2,0.0,0.5011247443762781,0.7799327290961562,1.5098981372913298
1,SC-beta,2,0.0,0.5332310838445808,0.7874854458196991,1.5493161440237173
1,SC-beta,2,0.0,0.5670756646216769,0.7939671198232624,1.5828709333024777
1,SC-beta,2,0.0,0.6022494887525562,0.7989416900930935,1.6087094665043042
1,SC-beta,2,0.0,0.6436605316973416,0.8016741438055863,1.6188876259118474
1,SC-beta,2,0.0,0.6780163599182003,0.8021427282422716,1.6164816202696153
1,SC-beta,2,0.0,0.7128834355828221,0.8005329975500428,1.6086516463376501
1,SC-beta,2,0.0,0.7493865030674847,0.7966281202710628,1.5905783975106298
1,SC-beta,2,0.0,0.7816973415132924,0.7899543487877579,1.5603811088281216
1,SC-beta,2,0.0,0.8148261758691207,0.7792660486346754,1.512146729207606
1,SC-beta,2,0.0,0.8510224948875256,0.7637085620690954,1.4439013760872443
1,SC-beta,2,0.0,0.8878323108384458,0.7424272313482968,1.3554949480905685
1,SC-beta,2,0.18,0.0610966482264887,0.39512272181447544,0.5525045946444604
1,SC-beta,2,0.18,0.0832655385616661,0.25987780588817316,0.25165996553449865
1,SC-beta,2,0.18,0.09652619589977215,0.2797553807881712,0.28689649385149735
1,SC-beta,2,0.18,0.1088919622518711,0.4035751540331057,0.5281280790556881
1,SC-beta,2,0.18,0.1228034493979824,0.5801568331416127,0.9683218914918372
1,SC-beta,2,0.18,0.13846404165310766,0.7333716614898198,1.616132328985815
1,SC-beta,2,0.18,0.15493817116823944,0.8282962034195113,2.023803714142427
1,SC-beta,2,0.18,0.1706394402863651,0.8636124890430529,1.8228366505369777
1,SC-beta,2,0.18,0.18516108037748125,0.8567363206780578,1.7974359870172574
1,SC-beta,2,0.18,0.19919459811259355,0.8342799923802073,1.7715131337570502
1,SC-beta,2,0.18,0.21546534331272366,0.8193784383818695,1.727365377657857
1,SC-beta,2,0.18,0.22925479986983405,0.8139435828266386,1.6800078818376656
1,SC-beta,2,0.18,0.24438659290595505,0.8053698092040968,1.6347272803012782
1,SC-beta,2,0.18,0.2594370322160755,0.7964227555397794,1.5908830356094055
1,SC-beta,2,0.18,0.2733891962251871,0.7919253104975554,1.5584751831399553
1,SC-beta,2,0.18,0.28522616335828177,0.7871678432512487,1.51879283178477
1,SC-beta,2,0.18,0.2994630654083957,0.7763662149829651,1.4929659382526779
1,SC-beta,2,0.18,0.31203221607549625,0.755660091486945,1.4840597753230165
1,SC-beta,2,0.18,0.32578099576960623,0.7250815375969548,1.3221450291171302
1,SC-beta,2,0.18,0.33916368369671324,0.6891693831855219,1.1589357033264962
1,SC-beta,2,0.18,0.3528311096648226,0.6544662322896085,1.0403285160446456
1,SC-beta,2,0.18,0.36605109013992837,0.6318765755948039,0.9832842026585462
1,SC-beta,2,0.18,0.378498210218028,0.6352107291079357,0.9856833029156215
1,SC-beta,2,0.18,0.3928164659941425,0.6568472951613624,1.0442347008696178
1,SC-beta,2,0.18,0.4078669053042629,0.6875966198558582,1.1714747888023467
1,SC-beta,2,0.18,0.41950048812235596,0.7181393284008517,1.332253635817726
1,SC-beta,2,0.18,0.43357468272046856,0.7423567011848167,1.3740887866644689
1,SC-beta,2,0.18,0.4461031565245688,0.7570655517857572,1.402709539205446
1,SC-beta,2,0.18,0.4600959973966807,0.7630253494707913,1.4233632640726432
1,SC-beta,2,0.18,0.47404816140579237,0.7660821859681279,1.4513401468279645
1,SC-beta,2,0.18,0.48686137325089485,0.772565246824197,1.4764897456437058
1,SC-beta,2,0.18,0.5011247443762781,0.7799327110652183,1.509898525891299
1,SC-beta,2,0.18,0.5332310838445808,0.7874854283143342,1.5493162313875997
1,SC-beta,2,0.18,0.5670756646216769,0.7939671280373295,1.5828709333024777
1,SC-beta,2,0.18,0.6022494887525562,0.7989416912302351,1.6087094665043042
1,SC-beta,2,0.18,0.6436605316973416,0.8016741371252216,1.6188876259118474
1,SC-beta,2,0.18,0.6780163599182003,0.8021427265551819,1.6164816202696153
1,SC-beta,2,0.18,0.7128834355828221,0.8005329975499498,1.6086516463376501
1,SC-beta,2,0.18,0.7493865030674847,0.7966281202716468,1.5905783975106298
1,SC-beta,2,0.18,0.7816973415132924,0.7899543487890237,1.5603811088281216
1,SC-beta,2,0.18,0.8148261758691207,0.779266048636362,1.5121467292189243
1,SC-beta,2,0.18,0.8510224948875256,0.7637085620706826,1.4439013760986232
1,SC-beta,2,0.18,0.8878323108384458,0.7424272313490059,1.3554949480905685
1,SC-beta,2,0.25,0.0610966482264887,0.39258195362117493,0.5525045946444604
1,SC-beta,2,0.25,0.0832655385616661,0.26898762463247994,0.25721506487335555
1,SC-beta,2,0.25,0.09652619589977215,0.29513183760678074,0.3063112733853274
1,SC-beta,2,0.25,0.1088919622518711,0.4210179231718601,0.5643515608542714
1,SC-beta,2,0.25,0.1228034493979824,0.5966492119554998,1.0205528876582517
1,SC-beta,2,0.25,0.13846404165310766,0.7480898585319834,1.6769327449996076
1,SC-beta,2,0.25,0.15493817116823944,0.8392707939289004,2.0844328436547475
1,SC-beta,2,0.25,0.1706394402863651,0.871117952478011,1.8755851996830892
1,SC-beta,2,0.25,0.18516108037748125,0.8623057364527323,1.8380884913548974
1,SC-beta,2,0.25,0.19919459811259355,0.8390958861808853,1.800140603176645
1,SC-beta,2,0.25,0.21546534331272366,0.823277271661242,1.7472818255943827
1,SC-beta,2,0.25,0.22925479986983405,0.8166937205323223,1.6943231299557957
1,SC-beta,2,0.25,0.24438659290595505,0.8074622578213315,1.6459484791704977
1,SC-beta,2,0.25,0.2594370322160755,0.7980796216902237,1.5995147374913765
1,SC-beta,2,0.25,0.2733891962251871,0.7932188136893814,1.5648821611220416
1,SC-beta,2,0.25,0.28522616335828177,0.7881398769196745,1.5231921182470864
1,SC-beta,2,0.25,0.2994630654083957,0.7770492099571107,1.4958869769633054
1,SC-beta,2,0.25,0.31203221607549625,0.756120141882404,1.485933213428033
1,SC-beta,2,0.25,0.32578099576960623,0.7253811051665977,1.323362069584367
1,SC-beta,2,0.25,0.33916368369671324,0.6893584025630087,1.1595977791782561
1,SC-beta,2,0.25,0.3528311096648226,0.6545779903605804,1.0406668173770957
1,SC-beta,2,0.25,0.36605109013992837,0.6319341536474361,0.9834076903341492
1,SC-beta,2,0.25,0.378498210218028,0.6352272905301772,0.9857036678097311
1,SC-beta,2,0.25,0.3928164659941425,0.6568464698213894,1.0442347008696178
1,SC-beta,2,0.25,0.4078669053042629,0.6875915706545448,1.1714845668103944
1,SC-beta,2,0.25,0.41950048812235596,0.7181375278141704,1.3322644232229401
1,SC-beta,2,0.25,0.43357468272046856,0.7423578017579682,1.374095441823354
1,SC-beta,2,0.25,0.4461031565245688,0.757066833626823,1.4027118946670354
1,SC-beta,2,0.25,0.4600959973966807,0.7630257603287329,1.4233644353845798
1,SC-beta,2,0.25,0.47404816140579237,0.7660822231420272,1.4513404283728295
1,SC-beta,2,0.25,0.48686137325089485,0.7725652087671564,1.4764898804516415
1,SC-beta,2,0.25,0.5011247443762781,0.779932704053363,1.5098986770135092
1,SC-beta,2,0.25,0.5332310838445808,0.7874854215067404,1.5493162653624428
1,SC-beta,2,0.25,0.5670756646216769,0.7939671312316898,1.5828709333024777
1,SC-beta,2,0.25,0.6022494887525562,0.7989416916724568,1.6087094665043042
1,SC-beta,2,0.25,0.6436605316973416,0.8016741345273027,1.6188876259118474
1,SC-beta,2,0.25,0.6780163599182003,0.8021427258990916,1.6164816202696153
1,SC-beta,2,0.25,0.7128834355828221,0.8005329975499137,1.6086516463376501
1,SC-beta,2,0.25,0.7493865030674847,0.7966281202718739,1.5905783975106298
1,SC-beta,2,0.25,0.7816973415132924,0.7899543487895156,1.5603811088281216
1,SC-beta,2,0.25,0.8148261758691207,0.7792660486370174,1.5121467292233257
1,SC-beta,2,0.25,0.8510224948875256,0.7637085620712994,1.4439013761030486
1,SC-beta,2,0.25,0.8878323108384458,0.7424272313492815,1.3554949480905685
1,SC-beta,2,0.5,0.0610966482264887,0.3845035001722403,0.5525045946444604
1,SC-beta,2,0.5,0.0832655385616661,0.29995898644693453,0.2770547053692731
1,SC-beta,2,0.5,0.09652619589977215,0.34651436693177096,0.37564977172043473
1,SC-beta,2,0.5,0.1088919622518711,0.478426412715543,0.6937211387063547
1,SC-beta,2,0.5,0.1228034493979824,0.6499518948870435,1.2070921596811601
1,SC-beta,2,0.5,0.13846404165310766,0.7949533335694909,1.8940770879060098
1,SC-beta,2,0.5,0.15493817116823944,0.8737080595575946,2.3009654490558926
1,SC-beta,2,0.5,0.1706394402863651,0.894734999985887,2.0639728752049153
1,SC-beta,2,0.5,0.18516108037748125,0.8803154295029356,1.9832760068464688
1,SC-beta,2,0.5,0.19919459811259355,0.8550631147116041,1.9023815653894827
1,SC-beta,2,0.5,0.21546534331272366,0.8364729529693389,1.81841199679626
1,SC-beta,2,0.5,0.22925479986983405,0.8262357300989271,1.745449016091975
1,SC-beta,2,0.5,0.24438659290595505,0.8148027696375295,1.6860241894177102
1,SC-beta,2,0.5,0.2594370322160755,0.8039107551938137,1.6303422442127022
1,SC-beta,2,0.5,0.2733891962251871,0.7977802975441631,1.5877642253437785
1,SC-beta,2,0.5,0.28522616335828177,0.7915766597599622,1.5389038556125023
1,SC-beta,2,0.5,0.2994630654083957,0.7794730762205262,1.5063192580726894
1,SC-beta,2,0.5,0.31203221607549625,0.7577579995797918,1.4926240638030916
1,SC-beta,2,0.5,0.32578099576960623,0.7264499618780769,1.327708642681642
1,SC-beta,2,0.5,0.33916368369671324,0.6900334317190282,1.1619623357916848
1,SC-beta,2,0.5,0.3528311096648226,0.654977248723298,1.0418750364215597
1,SC-beta,2,0.5,0.36605109013992837,0.6321399044614846,0.9838487177470172
1,SC-beta,2,0.5,0.378498210218028,0.6352865958885865,0.9857763995744085
1,SC-beta,2,0.5,0.3928164659941425,0.6568435958863497,1.0442347008696178
1,SC-beta,2,0.5,0.4078669053042629,0.6875735646129875,1.171519488267708
1,SC-beta,2,0.5,0.41950048812235596,0.7181311011592706,1.3323029496701344
1,SC-beta,2,0.5,0.43357468272046856,0.7423617323653506,1.3741192102479438
1,SC-beta,2,0.5,0.4461031565245688,0.7570714115487618,1.402720307029855
1,SC-beta,2,0.5,0.4600959973966807,0.7630272276665372,1.4233686186414962
1,SC-beta,2,0.5,0.47404816140579237,0.7660823559206311,1.4513414338902049
1,SC-beta,2,0.5,0.48686137325089485,0.7725650728562876,1.476490361908555
1,SC-beta,2,0.5,0.5011247443762781,0.7799326790118268,1.5098992167356884
1,SC-beta,2,0.5,0.5332310838445808,0.7874853971941257,1.5493163867011683
1,SC-beta,2,0.5,0.5670756646216769,0.7939671426401238,1.5828709333024777
1,SC-beta,2,0.5,0.6022494887525562,0.7989416932518203,1.6087094665043042
1,SC-beta,2,0.5,0.6436605316973416,0.8016741252490249,1.6188876259118474
1,SC-beta,2,0.5,0.6780163599182003,0.8021427235559119,1.6164816202696153
1,SC-beta,2,0.5,0.7128834355828221,0.8005329975497846,1.6086516463376501
1,SC-beta,2,0.5,0.7493865030674847,0.796628120272685,1.5905783975106298
1,SC-beta,2,0.5,0.7816973415132924,0.7899543487912742,1.5603811088281216
1,SC-beta,2,0.5,0.8148261758691207,0.7792660486393603,1.5121467292390456
1,SC-beta,2,0.5,0.8510224948875256,0.7637085620735045,1.4439013761188526
1,SC-beta,2,0.5,0.8878323108384458,0.7424272313502667,1.3554949480905685
1,SC-beta,2,0.75,0.0610966482264887,0.37783070460730045,0.5525045946444604
1,SC-beta,2,0.75,0.0832655385616661,0.3286274220198224,0.29689434586519065
1,SC-beta,2,0.75,0.09652619589977215,0.3928588976251135,0.4449882700555421
1,SC-beta,2,0.75,0.1088919622518711,0.5290147695468167,0.8230907165584378
1,SC-beta,2,0.75,0.1228034493979824,0.6955846759085731,1.3936314317040688
1,SC-beta,2,0.75,0.13846404165310766,0.8340716549967824,2.111221430812412
1,SC-beta,2,0.75,0.15493817116823944,0.9017400221625038,2.517498054457038
1,SC-beta,2,0.75,0.1706394402863651,0.9140710009636701,2.252360550726741
1,SC-beta,2,0.75,0.18516108037748125,0.8957435182626847,2.1284635223380404
1,SC-beta,2,0.75,0.19919459811259355,0.8692809452426347,2.0046225276023204
1,SC-beta,2,0.75,0.21546534331272366,0.8485995335286236,1.889542167998137
1,SC-beta,2,0.75,0.22925479986983405,0.8353376015791223,1.7965749022281543
1,SC-beta,2,0.75,0.24438659290595505,0.821928876987543,1.7260998996649224
1,SC-beta,2,0.75,0.2594370322160755,0.8096053559491381,1.6611697509340277
1,SC-beta,2,0.75,0.2733891962251871,0.8022510939240635,1.6106462895655154
1,SC-beta,2,0.75,0.28522616335828177,0.7949594369497756,1.554615592977918
1,SC-beta,2,0.75,0.2994630654083957,0.7818728391262502,1.5167515391820734
1,SC-beta,2,0.75,0.31203221607549625,0.7593876473798089,1.4993149141781503
1,SC-beta,2,0.75,0.32578099576960623,0.7275171307239414,1.332055215778917
1,SC-beta,2,0.75,0.33916368369671324,0.6907083655782147,1.1643268924051133
1,SC-beta,2,0.75,0.3528311096648226,0.6553766876437936,1.0430832554660239
1,SC-beta,2,0.75,0.36605109013992837,0.6323458318154019,0.9842897451598851
1,SC-beta,2,0.75,0.378498210218028,0.6353461459887891,0.9858491313390859
1,SC-beta,2,0.75,0.3928164659941425,0.6568408368664419,1.0442347008696178
1,SC-beta,2,0.75,0.4078669053042629,0.687555600436605,1.1715544097250215
1,SC-beta,2,0.75,0.41950048812235596,0.7181246807706347,1.3323414761173284
1,SC-beta,2,0.75,0.43357468272046856,0.7423656629555155,1.3741429786725337
1,SC-beta,2,0.75,0.4461031565245688,0.757075989342784,1.4027287193926745
1,SC-beta,2,0.75,0.4600959973966807,0.7630286949856111,1.4233728018984129
1,SC-beta,2,0.75,0.47404816140579237,0.7660824887221678,1.45134243940758
1,SC-beta,2,0.75,0.48686137325089485,0.7725649369565647,1.4764908433654684
1,SC-beta,2,0.75,0.5011247443762781,0.779932653971548,1.5098997564578678
1,SC-beta,2,0.75,0.5332310838445808,0.7874853728818552,1.5493165080398938
1,SC-beta,2,0.75,0.5670756646216769,0.7939671540485647,1.5828709333024777
1,SC-beta,2,0.75,0.6022494887525562,0.7989416948311843,1.6087094665043042
1,SC-beta,2,0.75,0.6436605316973416,0.8016741159707528,1.6188876259118474
1,SC-beta,2,0.75,0.6780163599182003,0.8021427212127324,1.6164816202696153
1,SC-beta,2,0.75,0.7128834355828221,0.8005329975496556,1.6086516463376501
1,SC-beta,2,0.75,0.7493865030674847,0.7966281202734962,1.5905783975106298
1,SC-beta,2,0.75,0.7816973415132924,0.7899543487930325,1.5603811088281216
1,SC-beta,2,0.75,0.8148261758691207,0.7792660486417029,1.5121467292547652
1,SC-beta,2,0.75,0.8510224948875256,0.763708562075709,1.4439013761346569
1,SC-beta,2,0.75,0.8878323108384458,0.7424272313512517,1.3554949480905685
1,SC-beta,2,1.0,0.0610966482264887,0.3723852072100087,0.5525045946444604
1,SC-beta,2,1.0,0.0832655385616661,0.35517083950985817,0.3167339863611082
1,SC-beta,2,1.0,0.09652619589977215,0.4347366425980377,0.5143267683906494
1,SC-beta,2,1.0,0.1088919622518711,0.5737223635372859,0.9524602944105212
1,SC-beta,2,1.0,0.1228034493979824,0.7347677493903402,1.5801707037269774
1,SC-beta,2,1.0,0.13846404165310766,0.8667551158367339,2.3283657737188146
1,SC-beta,2,1.0,0.15493817116823944,0.9245191796208578,2.734030659858183
1,SC-beta,2,1.0,0.1706394402863651,0.9299074221390891,2.440748226248567
1,SC-beta,2,1.0,0.18516108037748125,0.9089947528927278,2.2736510378296115
1,SC-beta,2,1.0,0.19919459811259355,0.881957400034246,2.1068634898151584
1,SC-beta,2,1.0,0.21546534331272366,0.8597441796208298,1.9606723392000143
1,SC-beta,2,1.0,0.22925479986983405,0.8440009673836113,1.8477007883643335
1,SC-beta,2,1.0,0.24438659290595505,0.8288336555189164,1.7661756099121346
1,SC-beta,2,1.0,0.2594370322160755,0.8151617799610926,1.6919972576553532
1,SC-beta,2,1.0,0.2733891962251871,0.8066316046914517,1.6335283537872523
1,SC-beta,2,1.0,0.28522616335828177,0.7982886508023446,1.5703273303433336
1,SC-beta,2,1.0,0.2994630654083957,0.7842484637894176,1.5271838202914574
1,SC-beta,2,1.0,0.31203221607549625,0.7610089392145258,1.5060057645532088
1,SC-beta,2,1.0,0.32578099576960623,0.7285825062607232,1.3364017888761919
1,SC-beta,2,1.0,0.33916368369671324,0.6913831618480035,1.166691449018542
1,SC-beta,2,1.0,0.3528311096648226,0.6557762932217039,1.044291474510488
1,SC-beta,2,1.0,0.36605109013992837,0.6325519317762702,0.9847307725727531
1,SC-beta,2,1.0,0.378498210218028,0.6354059392190557,0.9859218631037634
1,SC-beta,2,1.0,0.3928164659941425,0.6568381924292217,1.0442347008696178
1,SC-beta,2,1.0,0.4078669053042629,0.6875376780708395,1.171589331182335
1,SC-beta,2,1.0,0.41950048812235596,0.7181182666453643,1.3323800025645225
1,SC-beta,2,1.0,0.43357468272046856,0.7423695935284566,1.3741667470971235
1,SC-beta,2,1.0,0.4461031565245688,0.7570805670088939,1.4027371317554942
1,SC-beta,2,1.0,0.4600959973966807,0.763030162285955,1.4233769851553293
1,SC-beta,2,1.0,0.47404816140579237,0.7660826215466363,1.4513434449249552
1,SC-beta,2,1.0,0.48686137325089485,0.7725648010679873,1.4764913248223819
1,SC-beta,2,1.0,0.5011247443762781,0.7799326289325262,1.509900296180047
1,SC-beta,2,1.0,0.5332310838445808,0.7874853485699287,1.5493166293786196
1,SC-beta,2,1.0,0.5670756646216769,0.7939671654570122,1.5828709333024777
1,SC-beta,2,1.0,0.6022494887525562,0.7989416964105486,1.6087094665043042
1,SC-beta,2,1.0,0.6436605316973416,0.8016741066924864,1.6188876259118474
1,SC-beta,2,1.0,0.6780163599182003,0.8021427188695532,1.6164816202696153
1,SC-beta,2,1.0,0.7128834355828221,0.8005329975495266,1.6086516463376501
1,SC-beta,2,1.0,0.7493865030674847,0.7966281202743072,1.5905783975106298
1,SC-beta,2,1.0,0.7816973415132924,0.7899543487947903,1.5603811088281216
1,SC-beta,2,1.0,0.8148261758691207,0.7792660486440449,1.512146729270485
1,SC-beta,2,1.0,0.8510224948875256,0.7637085620779132,1.4439013761504609
1,SC-beta,2,1.0,0.8878323108384458,0.7424272313522364,1.3554949480905685
