scope,transition_id,metric,metric_label,individual,peak_parameter,signed_peak_offset,absolute_peak_error,peak_inside_destination_iqr,source_value,destination_value,source_to_destination_delta
shared_backbone,T2,gdis,GDIS,18489,0.0497425255,-0.23809274449999998,0.23809274449999998,False,0.7255494592248156,0.7948526398703515,0.06930318064553587
shared_backbone,T2,gdis,GDIS,18499,0.329159395,0.09741406500000002,0.09741406500000002,False,0.7398913868148557,0.712741391203393,-0.027149995611462696
shared_backbone,T2,gdis,GDIS,18505,0.3089079,0.04000730000000002,0.04000730000000002,False,0.7472007761156011,0.8120790007023015,0.06487822458670045
shared_backbone,T2,gdis,GDIS,18508,0.3386987,0.013193115000000033,0.013193115000000033,False,0.7824570363812005,0.8177174649406694,0.03526042855946898
shared_backbone,T2,gdis,GDIS,18511,0.23301977,-0.03547976,0.03547976,True,0.7580138620350413,0.8073918867618222,0.04937802472678088
shared_backbone,T2,gdis,GDIS,18517,0.32965499,0.05109284999999997,0.05109284999999997,False,0.7412021665580732,0.8087377657997727,0.0675355992416995
shared_backbone,T2,gdis,GDIS,18520,0.31473276,0.014798340000000021,0.014798340000000021,True,0.6407642565982523,0.8001324481162226,0.15936819151797033
shared_backbone,T2,gdis,GDIS,18855,0.318528025,0.012580625000000012,0.012580625000000012,True,0.7572486777206604,0.8111855897924671,0.05393691207180673
shared_backbone,T2,gdis,GDIS,18858,0.32565376,0.054626600000000025,0.054626600000000025,False,0.7244320200101038,0.7900555980101612,0.06562357800005747
shared_backbone,T2,gdis,GDIS,18870,0.3340394599999999,0.07520402999999992,0.07520402999999992,False,0.791514167022942,0.7472030943003533,-0.04431107272258872
shared_backbone,T2,gdis,GDIS,18907,0.3309404999999999,0.02662145999999993,0.02662145999999993,False,0.597751506865936,0.8052866346297228,0.2075351277637868
shared_backbone,T2,gdis,GDIS,18912,0.335774065,0.023147585000000026,0.023147585000000026,False,0.7666347720272749,0.8200682659089922,0.05343349388171725
shared_backbone,T2,gdis,GDIS,19093,0.334479725,0.023660294999999998,0.023660294999999998,False,0.3291242577195684,0.8133664985337239,0.4842422408141555
shared_backbone,T2,gdis,GDIS,19108,0.094669163,-0.19897483700000002,0.19897483700000002,False,0.8037482901398516,0.1114826643427977,-0.6922656257970539
shared_backbone,T2,gdis,GDIS,19127,0.33235078,0.024388940000000026,0.024388940000000026,False,0.8046938876872202,0.7661023738297226,-0.038591513857497595
shared_backbone,T2,gdis,GDIS,19159,0.05158148,-0.2831953,0.2831953,False,0.739683966774467,0.7748737625263931,0.035189795751926045
shared_backbone,T2,gdis,GDIS,19190,0.350328935,0.03762016499999998,0.03762016499999998,False,0.7905556108152695,0.8010909788970819,0.010535368081812435
shared_backbone,T2,gdis,GDIS,19193,0.336639285,0.008486555000000007,0.008486555000000007,False,0.730507373764579,0.80042243348399,0.06991505971941103
shared_backbone,T2,gdis,GDIS,19209,0.330622675,0.047107874999999966,0.047107874999999966,False,0.7480905316187683,0.7854488275203013,0.037358295901533056
shared_backbone,T2,transition_energy,GDIS transition energy,18489,0.0432921105,-0.24454315949999997,0.24454315949999997,False,0.5873855585277354,0.1451502747493115,-0.4422352837784239
shared_backbone,T2,transition_energy,GDIS transition energy,18499,0.026195626,-0.205549704,0.205549704,False,0.6006297551113917,0.0629002285428391,-0.5377295265685527
shared_backbone,T2,transition_energy,GDIS transition energy,18505,0.042544889,-0.226355711,0.226355711,False,0.3393087579034147,0.2821010210296106,-0.057207736873804094
shared_backbone,T2,transition_energy,GDIS transition energy,18508,0.3386987,0.013193115000000033,0.013193115000000033,False,0.3996452870100246,0.2903462624410605,-0.10929902456896412
shared_backbone,T2,transition_energy,GDIS transition energy,18511,0.027544216,-0.24095531399999998,0.24095531399999998,False,0.3351899095108672,0.059339782512148,-0.2758501269987192
shared_backbone,T2,transition_energy,GDIS transition energy,18517,0.0320469414999999,-0.24651519850000012,0.24651519850000012,False,0.969462598567301,0.2473574117137707,-0.7221051868535303
shared_backbone,T2,transition_energy,GDIS transition energy,18520,0.0134436814999999,-0.28649073850000006,0.28649073850000006,False,0.5329659592510558,0.4311820829001374,-0.10178387635091846
shared_backbone,T2,transition_energy,GDIS transition energy,18855,0.0360830635,-0.26986433649999997,0.26986433649999997,False,0.4696921191747615,0.5020948157233935,0.03240269654863204
shared_backbone,T2,transition_energy,GDIS transition energy,18858,0.0186478625,-0.2523792975,0.2523792975,False,0.5027230019990478,0.1261857229299752,-0.37653727906907264
shared_backbone,T2,transition_energy,GDIS transition energy,18870,0.017458625,-0.24137680499999997,0.24137680499999997,False,0.4139789679495398,0.2603284666098071,-0.15365050133973274
shared_backbone,T2,transition_energy,GDIS transition energy,18907,0.0457722565,-0.2585467835,0.2585467835,False,0.6419566775380936,0.3954594499366949,-0.2464972276013987
shared_backbone,T2,transition_energy,GDIS transition energy,18912,0.043407945,-0.269218535,0.269218535,False,0.9522829782933928,0.1340625334576148,-0.818220444835778
shared_backbone,T2,transition_energy,GDIS transition energy,19093,0.052113965,-0.258705465,0.258705465,False,0.5044499513180988,0.1044329508926484,-0.4000170004254504
shared_backbone,T2,transition_energy,GDIS transition energy,19108,0.0260334975,-0.2676105025,0.2676105025,False,0.4074464948951979,0.0,-0.4074464948951979
shared_backbone,T2,transition_energy,GDIS transition energy,19127,0.036633253,-0.271328587,0.271328587,False,0.6339159950455735,0.2091274804073092,-0.4247885146382643
shared_backbone,T2,transition_energy,GDIS transition energy,19159,0.0464336405,-0.2883431395,0.2883431395,False,0.3607833892208038,0.1093561077229817,-0.25142728149782206
shared_backbone,T2,transition_energy,GDIS transition energy,19190,0.0199573914999999,-0.2927513785000001,0.2927513785000001,False,0.7960929439356372,0.1725307481979991,-0.6235621957376382
shared_backbone,T2,transition_energy,GDIS transition energy,19193,0.017528632,-0.310624098,0.310624098,False,0.1718033346870092,0.2743569094831335,0.10255357479612431
shared_backbone,T2,transition_energy,GDIS transition energy,19209,0.0226253125,-0.2608894875,0.2608894875,False,0.3223784117527283,0.446929725199759,0.12455131344703069
shared_backbone,T2,total_variance,Total variance,18489,0.32634978,0.03851451,0.03851451,False,45.8853247707321,69.05999300713813,23.174668236406035
shared_backbone,T2,total_variance,Total variance,18499,0.345389095,0.11364376499999998,0.11364376499999998,False,41.24735262517315,70.95041541128448,29.70306278611133
shared_backbone,T2,total_variance,Total variance,18505,0.331468335,0.06256773500000001,0.06256773500000001,False,52.20701094067899,101.69084880519796,49.48383786451897
shared_backbone,T2,total_variance,Total variance,18508,0.3386987,0.013193115000000033,0.013193115000000033,False,57.0018809247188,92.55195501434976,35.55007408963096
shared_backbone,T2,total_variance,Total variance,18511,0.34631432,0.07781479000000002,0.07781479000000002,False,48.6716685638996,106.8213180626495,58.149649498749895
shared_backbone,T2,total_variance,Total variance,18517,0.32965499,0.05109284999999997,0.05109284999999997,False,43.740091634119146,91.44922022745456,47.709128593335414
shared_backbone,T2,total_variance,Total variance,18520,0.340759455,0.04082503500000001,0.04082503500000001,False,39.38672494935848,107.43533415525738,68.0486092058989
shared_backbone,T2,total_variance,Total variance,18855,0.33273144,0.02678404000000001,0.02678404000000001,False,48.53316617925199,107.92220179657124,59.38903561731925
shared_backbone,T2,total_variance,Total variance,18858,0.329409375,0.058382215000000015,0.058382215000000015,False,45.803725169347146,104.836623821908,59.03289865256086
shared_backbone,T2,total_variance,Total variance,18870,0.3340394599999999,0.07520402999999992,0.07520402999999992,False,50.23194739226872,71.21039432660434,20.978446934335622
shared_backbone,T2,total_variance,Total variance,18907,0.337738305,0.03341926500000003,0.03341926500000003,False,48.46710539022468,94.46522664803489,45.998121257810205
shared_backbone,T2,total_variance,Total variance,18912,0.337896625,0.02527014500000002,0.02527014500000002,False,46.01823172761582,112.44309668644948,66.42486495883367
shared_backbone,T2,total_variance,Total variance,19093,0.346556335,0.035736904999999985,0.035736904999999985,False,41.30362455070196,104.52620869387532,63.22258414317336
shared_backbone,T2,total_variance,Total variance,19108,0.29461435,0.0009703500000000087,0.0009703500000000087,True,56.96472568926004,84.33478865213188,27.370062962871835
shared_backbone,T2,total_variance,Total variance,19127,0.341025145,0.03306330499999999,0.03306330499999999,False,52.97966171821155,72.2586398627188,19.278978144507242
shared_backbone,T2,total_variance,Total variance,19159,0.36384644,0.029069659999999997,0.029069659999999997,False,46.7251702445014,79.15560656903392,32.43043632453252
shared_backbone,T2,total_variance,Total variance,19190,0.337197555,0.024488784999999957,0.024488784999999957,False,52.20469406928398,79.2064427724332,27.001748703149225
shared_backbone,T2,total_variance,Total variance,19193,0.343530745,0.015378015000000023,0.015378015000000023,False,51.10586196005179,93.45851216258016,42.35265020252837
shared_backbone,T2,total_variance,Total variance,19209,0.330622675,0.047107874999999966,0.047107874999999966,False,54.229585360760815,87.49365870619974,33.26407334543892
shared_backbone,T2,mean_lag1_autocorrelation,Mean lag-1 pseudotemporal autocorrelation,18489,0.1142312249999999,-0.1736040450000001,0.1736040450000001,False,-0.0124965797198342,-0.0017650129071844,0.0107315668126498
shared_backbone,T2,mean_lag1_autocorrelation,Mean lag-1 pseudotemporal autocorrelation,18499,0.345389095,0.11364376499999998,0.11364376499999998,False,0.009505378709413,0.0020963150964346,-0.007409063612978401
shared_backbone,T2,mean_lag1_autocorrelation,Mean lag-1 pseudotemporal autocorrelation,18505,0.160041285,-0.10885931499999998,0.10885931499999998,False,-0.0070571135619066,-0.0175771939138901,-0.0105200803519835
shared_backbone,T2,mean_lag1_autocorrelation,Mean lag-1 pseudotemporal autocorrelation,18508,0.3386987,0.013193115000000033,0.013193115000000033,False,0.0119707809375555,0.0198104163089922,0.0078396353714367
shared_backbone,T2,mean_lag1_autocorrelation,Mean lag-1 pseudotemporal autocorrelation,18511,0.34631432,0.07781479000000002,0.07781479000000002,False,0.0091840222168145,0.0070228544887412,-0.0021611677280733007
shared_backbone,T2,mean_lag1_autocorrelation,Mean lag-1 pseudotemporal autocorrelation,18517,0.32741697,0.04885482999999996,0.04885482999999996,False,-0.000304128321702,0.010977743354358,0.01128187167606
shared_backbone,T2,mean_lag1_autocorrelation,Mean lag-1 pseudotemporal autocorrelation,18520,0.340759455,0.04082503500000001,0.04082503500000001,False,0.0049154440506474,0.0050508432805547,0.00013539922990730025
shared_backbone,T2,mean_lag1_autocorrelation,Mean lag-1 pseudotemporal autocorrelation,18855,0.15383732,-0.15211007999999998,0.15211007999999998,False,0.0154694979212609,-0.0051869930789177,-0.0206564910001786
shared_backbone,T2,mean_lag1_autocorrelation,Mean lag-1 pseudotemporal autocorrelation,18858,0.34914847,0.07812131,0.07812131,False,-0.0187308570615914,0.0040886322067248,0.022819489268316197
shared_backbone,T2,mean_lag1_autocorrelation,Mean lag-1 pseudotemporal autocorrelation,18870,0.35179528,0.09295985000000001,0.09295985000000001,False,-1.9590278793707867e-05,-0.0212001812074432,-0.021180590928649493
shared_backbone,T2,mean_lag1_autocorrelation,Mean lag-1 pseudotemporal autocorrelation,18907,0.337738305,0.03341926500000003,0.03341926500000003,False,-0.0079562292832875,-0.0106582034993875,-0.0027019742161
shared_backbone,T2,mean_lag1_autocorrelation,Mean lag-1 pseudotemporal autocorrelation,18912,0.1716348899999999,-0.14099159000000008,0.14099159000000008,False,-0.0034284511289231,0.0085627670725756,0.011991218201498701
shared_backbone,T2,mean_lag1_autocorrelation,Mean lag-1 pseudotemporal autocorrelation,19093,0.02415071,-0.28666872,0.28666872,False,0.0114045627213527,-0.0140188043475077,-0.0254233670688604
shared_backbone,T2,mean_lag1_autocorrelation,Mean lag-1 pseudotemporal autocorrelation,19108,0.212120655,-0.08152334500000002,0.08152334500000002,False,0.006845802381692,0.0238363819921461,0.016990579610454103
shared_backbone,T2,mean_lag1_autocorrelation,Mean lag-1 pseudotemporal autocorrelation,19127,0.126379885,-0.181581955,0.181581955,False,-0.0084703465944987,-0.0071391969886605,0.0013311496058382001
shared_backbone,T2,mean_lag1_autocorrelation,Mean lag-1 pseudotemporal autocorrelation,19159,0.18303351,-0.15174326999999999,0.15174326999999999,False,-0.0079287549072666,0.029131851027627,0.0370606059348936
shared_backbone,T2,mean_lag1_autocorrelation,Mean lag-1 pseudotemporal autocorrelation,19190,0.21359905,-0.09910972000000001,0.09910972000000001,False,-0.003846760999591,0.0022596914731465,0.0061064524727375
shared_backbone,T2,mean_lag1_autocorrelation,Mean lag-1 pseudotemporal autocorrelation,19193,0.35780535,0.02965262000000002,0.02965262000000002,False,0.0129887589943458,-0.0070262962216775,-0.0200150552160233
shared_backbone,T2,mean_lag1_autocorrelation,Mean lag-1 pseudotemporal autocorrelation,19209,0.076162845,-0.207351955,0.207351955,False,0.0080828665118315,0.0034634825707665,-0.004619383941065
shared_backbone,T2,gaussian_differential_entropy,Gaussian differential entropy,18489,0.32634978,0.03851451,0.03851451,False,48.51016352176695,63.64112445037593,15.130960928608985
shared_backbone,T2,gaussian_differential_entropy,Gaussian differential entropy,18499,0.345389095,0.11364376499999998,0.11364376499999998,False,49.158086215767455,68.49071705020847,19.33263083444102
shared_backbone,T2,gaussian_differential_entropy,Gaussian differential entropy,18505,0.3372085999999999,0.06830799999999992,0.06830799999999992,False,49.397201030964624,69.4117718208736,20.014570789908973
shared_backbone,T2,gaussian_differential_entropy,Gaussian differential entropy,18508,0.3386987,0.013193115000000033,0.013193115000000033,False,57.0105532256756,69.05156575721116,12.041012531535564
shared_backbone,T2,gaussian_differential_entropy,Gaussian differential entropy,18511,0.34631432,0.07781479000000002,0.07781479000000002,False,49.17242387337506,73.24986803531507,24.077444161940015
shared_backbone,T2,gaussian_differential_entropy,Gaussian differential entropy,18517,0.3413911,0.06282895999999999,0.06282895999999999,False,47.369520968571045,71.33250047789743,23.96297950932638
shared_backbone,T2,gaussian_differential_entropy,Gaussian differential entropy,18520,0.340759455,0.04082503500000001,0.04082503500000001,False,48.613426203990045,72.94364268366712,24.330216479677077
shared_backbone,T2,gaussian_differential_entropy,Gaussian differential entropy,18855,0.33273144,0.02678404000000001,0.02678404000000001,False,48.23183397995315,75.43592971433479,27.20409573438164
shared_backbone,T2,gaussian_differential_entropy,Gaussian differential entropy,18858,0.34914847,0.07812131,0.07812131,False,49.84350398146347,75.65307306674048,25.809569085277005
shared_backbone,T2,gaussian_differential_entropy,Gaussian differential entropy,18870,0.3340394599999999,0.07520402999999992,0.07520402999999992,False,53.24276872007144,68.83380000813024,15.591031288058801
shared_backbone,T2,gaussian_differential_entropy,Gaussian differential entropy,18907,0.337738305,0.03341926500000003,0.03341926500000003,False,48.693493567020965,69.86320092597545,21.169707358954483
shared_backbone,T2,gaussian_differential_entropy,Gaussian differential entropy,18912,0.34519763,0.03257114999999999,0.03257114999999999,False,48.304036648809465,72.12766569402928,23.82362904521981
shared_backbone,T2,gaussian_differential_entropy,Gaussian differential entropy,19093,0.346556335,0.035736904999999985,0.035736904999999985,False,49.122443973870624,73.0277758270915,23.90533185322088
shared_backbone,T2,gaussian_differential_entropy,Gaussian differential entropy,19108,0.29461435,0.0009703500000000087,0.0009703500000000087,True,51.82396352744897,70.27547704922041,18.451513521771446
shared_backbone,T2,gaussian_differential_entropy,Gaussian differential entropy,19127,0.341025145,0.03306330499999999,0.03306330499999999,False,48.89081761975351,66.72028890981508,17.82947129006157
shared_backbone,T2,gaussian_differential_entropy,Gaussian differential entropy,19159,0.37111652,0.03633974000000001,0.03633974000000001,False,49.49986761963081,69.01686866498095,19.517001045350135
shared_backbone,T2,gaussian_differential_entropy,Gaussian differential entropy,19190,0.342948825,0.030240054999999988,0.030240054999999988,False,48.82802844524875,69.20111541824089,20.37308697299214
shared_backbone,T2,gaussian_differential_entropy,Gaussian differential entropy,19193,0.35780535,0.02965262000000002,0.02965262000000002,False,51.62569456542257,70.84752022904655,19.22182566362398
shared_backbone,T2,gaussian_differential_entropy,Gaussian differential entropy,19209,0.330622675,0.047107874999999966,0.047107874999999966,False,52.57320507818532,72.97677074257548,20.403565664390165
shared_backbone,T2,mean_step_distance,Mean pseudotemporal step distance,18489,0.32634978,0.03851451,0.03851451,False,9.4313454980495,11.369245584959554,1.9379000869100533
shared_backbone,T2,mean_step_distance,Mean pseudotemporal step distance,18499,0.345389095,0.11364376499999998,0.11364376499999998,False,8.764036484382306,11.62935211373584,2.8653156293535336
shared_backbone,T2,mean_step_distance,Mean pseudotemporal step distance,18505,0.32755241,0.058651810000000026,0.058651810000000026,False,9.926919428098843,13.995924311674738,4.069004883575895
shared_backbone,T2,mean_step_distance,Mean pseudotemporal step distance,18508,0.3386987,0.013193115000000033,0.013193115000000033,False,10.224704543491724,13.066297399461977,2.8415928559702532
shared_backbone,T2,mean_step_distance,Mean pseudotemporal step distance,18511,0.34631432,0.07781479000000002,0.07781479000000002,False,9.5127373211742,14.200882174485002,4.688144853310803
shared_backbone,T2,mean_step_distance,Mean pseudotemporal step distance,18517,0.32965499,0.05109284999999997,0.05109284999999997,False,9.035658763628664,13.011120873063351,3.9754621094346874
shared_backbone,T2,mean_step_distance,Mean pseudotemporal step distance,18520,0.340759455,0.04082503500000001,0.04082503500000001,False,8.63226885912822,14.23334277469866,5.6010739155704385
shared_backbone,T2,mean_step_distance,Mean pseudotemporal step distance,18855,0.326219985,0.02027258500000001,0.02027258500000001,False,9.491516783213926,14.279767453748269,4.788250670534342
shared_backbone,T2,mean_step_distance,Mean pseudotemporal step distance,18858,0.329409375,0.058382215000000015,0.058382215000000015,False,9.450230444620628,14.062436450928406,4.612206006307778
shared_backbone,T2,mean_step_distance,Mean pseudotemporal step distance,18870,0.33126642,0.07243099000000003,0.07243099000000003,False,9.732333942556108,11.808712388024992,2.076378445468883
shared_backbone,T2,mean_step_distance,Mean pseudotemporal step distance,18907,0.334654565,0.03033552500000003,0.03033552500000003,False,9.647506075873114,13.39770916218258,3.7502030863094653
shared_backbone,T2,mean_step_distance,Mean pseudotemporal step distance,18912,0.337896625,0.02527014500000002,0.02527014500000002,False,9.213675959948294,14.439341939689468,5.225665979741175
shared_backbone,T2,mean_step_distance,Mean pseudotemporal step distance,19093,0.333075505,0.022256074999999986,0.022256074999999986,False,8.83217970810355,14.165328554492394,5.333148846388845
shared_backbone,T2,mean_step_distance,Mean pseudotemporal step distance,19108,0.29461435,0.0009703500000000087,0.0009703500000000087,True,10.333401821674864,12.285114570245586,1.9517127485707224
shared_backbone,T2,mean_step_distance,Mean pseudotemporal step distance,19127,0.341025145,0.03306330499999999,0.03306330499999999,False,10.047120409308798,11.803522372997222,1.7564019636884236
shared_backbone,T2,mean_step_distance,Mean pseudotemporal step distance,19159,0.36384644,0.029069659999999997,0.029069659999999997,False,9.4504102758787,12.11974544692037,2.66933517104167
shared_backbone,T2,mean_step_distance,Mean pseudotemporal step distance,19190,0.337197555,0.024488784999999957,0.024488784999999957,False,10.053363530439483,12.288054133212595,2.234690602773112
shared_backbone,T2,mean_step_distance,Mean pseudotemporal step distance,19193,0.343530745,0.015378015000000023,0.015378015000000023,False,9.804693352578392,13.439132979486596,3.634439626908204
shared_backbone,T2,mean_step_distance,Mean pseudotemporal step distance,19209,0.330622675,0.047107874999999966,0.047107874999999966,False,10.041059769949085,12.836770947343387,2.7957111773943026
cm_extension,T3_CM,gdis,GDIS,18489,0.73342248,0.29013833,0.29013833,False,0.8057979612306052,0.8042134685959845,-0.0015844926346206822
cm_extension,T3_CM,gdis,GDIS,18499,0.37102573,-0.023648840000000004,0.023648840000000004,True,0.6194227242771667,0.8159637833381735,0.19654105906100683
cm_extension,T3_CM,gdis,GDIS,18505,0.3175279749999999,-0.24124697500000009,0.24124697500000009,False,0.8171954061209201,0.8087266069109529,-0.008468799209967237
cm_extension,T3_CM,gdis,GDIS,18508,0.33957605,-0.3197993499999999,0.3197993499999999,False,0.8117872838622084,0.8083618776039556,-0.0034254062582528277
cm_extension,T3_CM,gdis,GDIS,18511,0.416084185,-0.010782255000000018,0.010782255000000018,True,0.7724560367420255,0.8178513388390678,0.045395302097042345
cm_extension,T3_CM,gdis,GDIS,18517,0.37059814,-0.09539516999999997,0.09539516999999997,True,0.8058699518429135,0.7965862920462525,-0.009283659796661015
cm_extension,T3_CM,gdis,GDIS,18520,0.31272839,-0.12384455,0.12384455,False,0.769957639124613,0.8151735949555203,0.04521595583090732
cm_extension,T3_CM,gdis,GDIS,18855,0.420748335,0.019398764999999984,0.019398764999999984,True,0.8029755240683573,0.8113950039800729,0.008419479911715655
cm_extension,T3_CM,gdis,GDIS,18858,0.3247392,-0.16562752999999997,0.16562752999999997,False,0.5263064976394035,0.8170920891508473,0.2907855915114438
cm_extension,T3_CM,gdis,GDIS,18870,0.35579095,-0.0014569700000000019,0.0014569700000000019,True,0.7207494209901353,0.8145765763471854,0.09382715535705011
cm_extension,T3_CM,gdis,GDIS,18907,0.33734034,-0.0658436,0.0658436,False,0.8093456010215152,0.8110755115744526,0.0017299105529373637
cm_extension,T3_CM,gdis,GDIS,18912,0.3319578749999999,-0.18251282500000005,0.18251282500000005,False,0.8108013297732356,0.8095337999818104,-0.0012675297914251926
cm_extension,T3_CM,gdis,GDIS,19093,0.33180962,-0.3018141649999999,0.3018141649999999,False,0.8087152087490579,0.7089383118731385,-0.0997768968759194
cm_extension,T3_CM,gdis,GDIS,19193,0.34249922,-0.03166297499999998,0.03166297499999998,False,0.8129583674339559,0.8217117821528815,0.008753414718925656
cm_extension,T3_CM,gdis,GDIS,19209,0.394765225,0.0017501100000000824,0.0017501100000000824,True,0.5631837164774451,0.8199748043340536,0.2567910878566084
cm_extension,T3_CM,transition_energy,GDIS transition energy,18489,0.04513121,-0.39815294,0.39815294,False,0.4489144083634984,0.0434775439326061,-0.4054368644308923
cm_extension,T3_CM,transition_energy,GDIS transition energy,18499,0.0252816145,-0.3693929555,0.3693929555,False,0.2896541810127672,0.0,-0.2896541810127672
cm_extension,T3_CM,transition_energy,GDIS transition energy,18505,0.042544889,-0.516230061,0.516230061,False,0.2516893176923174,0.0039135958856813,-0.2477757218066361
cm_extension,T3_CM,transition_energy,GDIS transition energy,18508,0.337310255,-0.32206514499999994,0.32206514499999994,False,0.1538695650633882,0.0136244763812392,-0.140245088682149
cm_extension,T3_CM,transition_energy,GDIS transition energy,18511,0.0281686935,-0.3986977465,0.3986977465,False,0.3572586553071661,0.0034073931506126,-0.3538512621565535
cm_extension,T3_CM,transition_energy,GDIS transition energy,18517,0.0320469414999999,-0.4339463685000001,0.4339463685000001,False,0.6449910255191356,0.0298461040741192,-0.6151449214450163
cm_extension,T3_CM,transition_energy,GDIS transition energy,18520,0.0134436814999999,-0.4231292585000001,0.4231292585000001,False,0.5291653489441757,0.0,-0.5291653489441757
cm_extension,T3_CM,transition_energy,GDIS transition energy,18855,0.0360830635,-0.3652665065,0.3652665065,False,0.7074625366897885,0.0580847108688465,-0.6493778258209421
cm_extension,T3_CM,transition_energy,GDIS transition energy,18858,0.0186478625,-0.47171886749999997,0.47171886749999997,False,0.330927821438725,0.0044293465181958,-0.3264984749205292
cm_extension,T3_CM,transition_energy,GDIS transition energy,18870,0.017458625,-0.339789295,0.339789295,False,0.3603538819322198,0.0493465504105909,-0.3110073315216289
cm_extension,T3_CM,transition_energy,GDIS transition energy,18907,0.33467607,-0.06850787000000003,0.06850787000000003,False,0.2776599264479874,0.0,-0.2776599264479874
cm_extension,T3_CM,transition_energy,GDIS transition energy,18912,0.043407945,-0.47106275499999994,0.47106275499999994,False,0.4062407128834234,0.0016398438211548,-0.4046008690622686
cm_extension,T3_CM,transition_energy,GDIS transition energy,19093,0.052113965,-0.58150982,0.58150982,False,0.4728176003877795,0.0031075026617512,-0.4697100977260283
cm_extension,T3_CM,transition_energy,GDIS transition energy,19193,0.3401068499999999,-0.03405534500000007,0.03405534500000007,False,0.5002622514071947,0.1182100482028497,-0.382052203204345
cm_extension,T3_CM,transition_energy,GDIS transition energy,19209,0.0226253125,-0.3703898024999999,0.3703898024999999,False,0.5709457710114418,0.0,-0.5709457710114418
cm_extension,T3_CM,total_variance,Total variance,18489,0.4034758,-0.03980834999999999,0.03980834999999999,True,102.96978350318756,211.65644794418412,108.68666444099657
cm_extension,T3_CM,total_variance,Total variance,18499,0.3944001649999999,-0.0002744050000000886,0.0002744050000000886,True,93.14412523329956,190.6259348343899,97.48180960109035
cm_extension,T3_CM,total_variance,Total variance,18505,0.511233525,-0.047541425000000026,0.047541425000000026,True,129.74416864791053,163.34803315414098,33.60386450623045
cm_extension,T3_CM,total_variance,Total variance,18508,0.4605134,-0.19886199999999993,0.19886199999999993,True,100.40283938128896,148.38221593031577,47.97937654902681
cm_extension,T3_CM,total_variance,Total variance,18511,0.397217275,-0.029649165000000033,0.029649165000000033,True,127.61986954665188,197.1924793624149,69.57260981576302
cm_extension,T3_CM,total_variance,Total variance,18517,0.7437650849999999,0.27777177499999994,0.27777177499999994,False,130.5541431715991,150.67064671035354,20.116503538754444
cm_extension,T3_CM,total_variance,Total variance,18520,0.4260800799999999,-0.010492860000000104,0.010492860000000104,True,107.87652257652168,192.3855770694501,84.50905449292843
cm_extension,T3_CM,total_variance,Total variance,18855,0.420748335,0.019398764999999984,0.019398764999999984,True,120.79103184967146,228.12445421344333,107.33342236377187
cm_extension,T3_CM,total_variance,Total variance,18858,0.39093937,-0.09942735999999996,0.09942735999999996,True,123.64390598900177,171.430478449919,47.78657246091724
cm_extension,T3_CM,total_variance,Total variance,18870,0.37247054,0.01522262000000002,0.01522262000000002,True,76.13941197415235,122.71738527888284,46.57797330473049
cm_extension,T3_CM,total_variance,Total variance,18907,0.42500528,0.021821339999999967,0.021821339999999967,True,101.8083882739344,237.5209036003934,135.71251532645903
cm_extension,T3_CM,total_variance,Total variance,18912,0.40629685,-0.10817384999999996,0.10817384999999996,True,120.2330769094034,205.1591951171197,84.92611820771631
cm_extension,T3_CM,total_variance,Total variance,19093,0.41896172,-0.21466206499999996,0.21466206499999996,False,112.95924919720557,134.24813483259496,21.28888563538939
cm_extension,T3_CM,total_variance,Total variance,19193,0.43576476,0.061602565,0.061602565,True,103.943056639183,199.79198638187864,95.84892974269565
cm_extension,T3_CM,total_variance,Total variance,19209,0.49666047,0.1036453550000001,0.1036453550000001,True,102.94384112870742,184.2728840899296,81.32904296122217
cm_extension,T3_CM,mean_lag1_autocorrelation,Mean lag-1 pseudotemporal autocorrelation,18489,0.1142312249999999,-0.3290529250000001,0.3290529250000001,False,-0.0037889244153393,0.0163499891740192,0.0201389135893585
cm_extension,T3_CM,mean_lag1_autocorrelation,Mean lag-1 pseudotemporal autocorrelation,18499,0.6397139000000001,0.24503933000000006,0.24503933000000006,False,-0.0060253303972524,-0.0013389142875308,0.0046864161097216
cm_extension,T3_CM,mean_lag1_autocorrelation,Mean lag-1 pseudotemporal autocorrelation,18505,0.7460287,0.18725375,0.18725375,False,0.023172241954518,0.0219104385024417,-0.0012618034520762988
cm_extension,T3_CM,mean_lag1_autocorrelation,Mean lag-1 pseudotemporal autocorrelation,18508,0.343895265,-0.31548013499999994,0.31548013499999994,False,-0.0106266596888995,0.0175888658201004,0.0282155255089999
cm_extension,T3_CM,mean_lag1_autocorrelation,Mean lag-1 pseudotemporal autocorrelation,18511,0.63081645,0.20395000999999996,0.20395000999999996,False,0.0018685157649764,-0.0024542894701554,-0.0043228052351318
cm_extension,T3_CM,mean_lag1_autocorrelation,Mean lag-1 pseudotemporal autocorrelation,18517,0.7437650849999999,0.27777177499999994,0.27777177499999994,False,0.0092410393277416,-0.0075776588425378,-0.0168186981702794
cm_extension,T3_CM,mean_lag1_autocorrelation,Mean lag-1 pseudotemporal autocorrelation,18520,0.5861136,0.14954066,0.14954066,True,-0.0146411120009218,0.0727511542655518,0.0873922662664736
cm_extension,T3_CM,mean_lag1_autocorrelation,Mean lag-1 pseudotemporal autocorrelation,18855,0.420748335,0.019398764999999984,0.019398764999999984,True,0.0026454529756345,0.0597589678717091,0.057113514896074594
cm_extension,T3_CM,mean_lag1_autocorrelation,Mean lag-1 pseudotemporal autocorrelation,18858,0.679256945,0.18889021500000003,0.18889021500000003,False,-0.0185912686787659,-0.0024715356918906,0.016119732986875298
cm_extension,T3_CM,mean_lag1_autocorrelation,Mean lag-1 pseudotemporal autocorrelation,18870,0.37247054,0.01522262000000002,0.01522262000000002,True,-0.0106031874772457,0.0245602336351284,0.035163421112374096
cm_extension,T3_CM,mean_lag1_autocorrelation,Mean lag-1 pseudotemporal autocorrelation,18907,0.0538804755,-0.34930346450000005,0.34930346450000005,False,-0.0053632666918591,0.0569020850292613,0.062265351721120396
cm_extension,T3_CM,mean_lag1_autocorrelation,Mean lag-1 pseudotemporal autocorrelation,18912,0.8515687000000001,0.3370980000000001,0.3370980000000001,False,-0.0062990819653542,0.005741121694189,0.0120402036595432
cm_extension,T3_CM,mean_lag1_autocorrelation,Mean lag-1 pseudotemporal autocorrelation,19093,0.02415071,-0.6094730749999999,0.6094730749999999,False,-0.0154396089519499,-0.0070209785649223,0.0084186303870276
cm_extension,T3_CM,mean_lag1_autocorrelation,Mean lag-1 pseudotemporal autocorrelation,19193,0.43576476,0.061602565,0.061602565,True,0.0101431439357391,0.0034604470949417,-0.006682696840797399
cm_extension,T3_CM,mean_lag1_autocorrelation,Mean lag-1 pseudotemporal autocorrelation,19209,0.41508137,0.02206625500000009,0.02206625500000009,True,-0.001278575088384,0.0412185338809394,0.0424971089693234
cm_extension,T3_CM,gaussian_differential_entropy,Gaussian differential entropy,18489,0.353726165,-0.089557985,0.089557985,False,73.243612183508,85.18638800732181,11.942775823813804
cm_extension,T3_CM,gaussian_differential_entropy,Gaussian differential entropy,18499,0.3944001649999999,-0.0002744050000000886,0.0002744050000000886,True,74.8867098686057,82.14636490006554,7.259655031459829
cm_extension,T3_CM,gaussian_differential_entropy,Gaussian differential entropy,18505,0.357638315,-0.201136635,0.201136635,False,76.44383288009936,80.1509225242761,3.707089644176733
cm_extension,T3_CM,gaussian_differential_entropy,Gaussian differential entropy,18508,0.378380505,-0.28099489499999997,0.28099489499999997,False,70.44433769447147,80.1581902143293,9.713852519857824
cm_extension,T3_CM,gaussian_differential_entropy,Gaussian differential entropy,18511,0.371125695,-0.055740745000000036,0.055740745000000036,True,78.3373520917953,85.5184682286117,7.181116136816399
cm_extension,T3_CM,gaussian_differential_entropy,Gaussian differential entropy,18517,0.38148155,-0.08451175999999999,0.08451175999999999,True,78.06650044509632,81.30794949881351,3.24144905371719
cm_extension,T3_CM,gaussian_differential_entropy,Gaussian differential entropy,18520,0.36901428,-0.06755866000000005,0.06755866000000005,True,74.96747917651666,84.13653137834089,9.169052201824229
cm_extension,T3_CM,gaussian_differential_entropy,Gaussian differential entropy,18855,0.420748335,0.019398764999999984,0.019398764999999984,True,78.35143926522447,87.49509943720497,9.1436601719805
cm_extension,T3_CM,gaussian_differential_entropy,Gaussian differential entropy,18858,0.352931215,-0.13743551499999995,0.13743551499999995,False,79.44852002493667,80.3226003301944,0.8740803052577348
cm_extension,T3_CM,gaussian_differential_entropy,Gaussian differential entropy,18870,0.37247054,0.01522262000000002,0.01522262000000002,True,68.8222740885747,74.28001196971714,5.457737881142435
cm_extension,T3_CM,gaussian_differential_entropy,Gaussian differential entropy,18907,0.42500528,0.021821339999999967,0.021821339999999967,True,71.93951084778556,87.23925540379514,15.299744556009585
cm_extension,T3_CM,gaussian_differential_entropy,Gaussian differential entropy,18912,0.3977331699999999,-0.11673753000000003,0.11673753000000003,True,75.14363933088826,83.48879021336278,8.345150882474513
cm_extension,T3_CM,gaussian_differential_entropy,Gaussian differential entropy,19093,0.39863184,-0.23499194499999992,0.23499194499999992,False,74.44444941793924,78.76022480474785,4.31577538680861
cm_extension,T3_CM,gaussian_differential_entropy,Gaussian differential entropy,19193,0.395871295,0.021709100000000037,0.021709100000000037,True,72.62088979572108,84.69039976375075,12.069509968029664
cm_extension,T3_CM,gaussian_differential_entropy,Gaussian differential entropy,19209,0.41508137,0.02206625500000009,0.02206625500000009,True,76.90632378056785,82.83388658455044,5.927562803982596
cm_extension,T3_CM,mean_step_distance,Mean pseudotemporal step distance,18489,0.4034758,-0.03980834999999999,0.03980834999999999,True,13.795662594524796,19.294789217927946,5.49912662340315
cm_extension,T3_CM,mean_step_distance,Mean pseudotemporal step distance,18499,0.38182713,-0.012847439999999988,0.012847439999999988,True,13.423078424061773,18.45565089722166,5.032572473159886
cm_extension,T3_CM,mean_step_distance,Mean pseudotemporal step distance,18505,0.470493795,-0.088281155,0.088281155,True,15.460873274741257,17.23050993985733,1.7696366651160744
cm_extension,T3_CM,mean_step_distance,Mean pseudotemporal step distance,18508,0.378380505,-0.28099489499999997,0.28099489499999997,False,13.87602681186736,16.364094814918143,2.488068003050783
cm_extension,T3_CM,mean_step_distance,Mean pseudotemporal step distance,18511,0.384114275,-0.04275216500000001,0.04275216500000001,True,15.52045615102556,19.024870605519787,3.5044144544942277
cm_extension,T3_CM,mean_step_distance,Mean pseudotemporal step distance,18517,0.38148155,-0.08451175999999999,0.08451175999999999,True,15.504252802579396,16.782680565367606,1.2784277627882101
cm_extension,T3_CM,mean_step_distance,Mean pseudotemporal step distance,18520,0.36901428,-0.06755866000000005,0.06755866000000005,True,14.46036782579403,17.456709318723213,2.996341492929183
cm_extension,T3_CM,mean_step_distance,Mean pseudotemporal step distance,18855,0.420748335,0.019398764999999984,0.019398764999999984,True,15.01329011478443,19.50215622744124,4.48886611265681
cm_extension,T3_CM,mean_step_distance,Mean pseudotemporal step distance,18858,0.407463565,-0.08290316499999995,0.08290316499999995,True,15.540284228929416,17.904190121781177,2.3639058928517613
cm_extension,T3_CM,mean_step_distance,Mean pseudotemporal step distance,18870,0.37247054,0.01522262000000002,0.01522262000000002,True,12.112852716987629,14.78787537198084,2.675022654993212
cm_extension,T3_CM,mean_step_distance,Mean pseudotemporal step distance,18907,0.397222,-0.005961939999999999,0.005961939999999999,True,13.796156527662117,19.70514316614414,5.908986638482023
cm_extension,T3_CM,mean_step_distance,Mean pseudotemporal step distance,18912,0.40629685,-0.10817384999999996,0.10817384999999996,True,15.103975795806525,19.48246674265604,4.3784909468495155
cm_extension,T3_CM,mean_step_distance,Mean pseudotemporal step distance,19093,0.39863184,-0.23499194499999992,0.23499194499999992,False,14.799557744261271,16.129903828116223,1.330346083854952
cm_extension,T3_CM,mean_step_distance,Mean pseudotemporal step distance,19193,0.395871295,0.021709100000000037,0.021709100000000037,True,13.87293431064177,19.14324690709632,5.2703125964545485
cm_extension,T3_CM,mean_step_distance,Mean pseudotemporal step distance,19209,0.49666047,0.1036453550000001,0.1036453550000001,True,13.95765972803122,18.036070453473567,4.078410725442346
cf_extension,T3_CF,gdis,GDIS,18489,0.32632022,-0.029645085000000015,0.029645085000000015,True,0.804020533899213,0.4993401984656185,-0.3046803354335945
cf_extension,T3_CF,gdis,GDIS,18508,0.3362863499999999,-0.07533691000000009,0.07533691000000009,False,0.8165034369800244,0.7919092702830157,-0.024594166697008646
cf_extension,T3_CF,gdis,GDIS,18511,0.404366925,0.031065810000000083,0.031065810000000083,True,0.8056768131903709,0.801306114641887,-0.004370698548483931
cf_extension,T3_CF,gdis,GDIS,18517,0.328531825,0.007360800000000001,0.007360800000000001,True,0.8132848102133805,0.7949652304956738,-0.018319579717706702
cf_extension,T3_CF,gdis,GDIS,18520,0.42513638,0.034994709999999984,0.034994709999999984,False,0.8003037960224253,0.7586855690208046,-0.041618227001620656
cf_extension,T3_CF,gdis,GDIS,18855,0.447423815,0.04343311500000002,0.04343311500000002,False,0.7802761799930293,0.7411764634931435,-0.03909971649988586
cf_extension,T3_CF,gdis,GDIS,18907,0.33790776,-0.04388734,0.04388734,False,0.8238635737101679,0.7769225919245522,-0.04694098178561579
cf_extension,T3_CF,gdis,GDIS,18912,0.33438474,-0.03408770999999999,0.03408770999999999,False,0.8180674532281413,0.7483308365111012,-0.06973661671704012
cf_extension,T3_CF,gdis,GDIS,19093,0.3366336049999999,-0.0733418950000001,0.0733418950000001,False,0.7847879962856712,0.7261491631587074,-0.05863883312696383
cf_extension,T3_CF,gdis,GDIS,19127,0.33329255,-0.07604822,0.07604822,False,0.8136791157559085,0.7120181046277748,-0.10166101112813364
cf_extension,T3_CF,gdis,GDIS,19159,0.392594765,-0.04262038499999998,0.04262038499999998,False,0.8106802269751603,0.736215023370859,-0.07446520360430131
cf_extension,T3_CF,gdis,GDIS,19190,0.4541094,0.03838596,0.03838596,False,0.8056561549633897,0.7692034248277075,-0.036452730135682176
cf_extension,T3_CF,gdis,GDIS,19193,0.335981865,-0.05767799499999998,0.05767799499999998,False,0.8313540879610664,0.7762536563076781,-0.05510043165338829
cf_extension,T3_CF,gdis,GDIS,19209,0.33153374,-0.01929755999999999,0.01929755999999999,True,0.7275113375113423,0.6663150760219736,-0.06119626148936874
cf_extension,T3_CF,transition_energy,GDIS transition energy,18489,0.04513121,-0.31083409500000003,0.31083409500000003,False,0.3704635126604684,0.1025398093700486,-0.2679237032904198
cf_extension,T3_CF,transition_energy,GDIS transition energy,18508,0.3362863499999999,-0.07533691000000009,0.07533691000000009,False,0.1324248074481879,0.1770665661746969,0.044641758726508995
cf_extension,T3_CF,transition_energy,GDIS transition energy,18511,0.0281686935,-0.3451324214999999,0.3451324214999999,False,0.2886636095883027,0.056727353621502,-0.23193625596680073
cf_extension,T3_CF,transition_energy,GDIS transition energy,18517,0.0320469414999999,-0.2891240835000001,0.2891240835000001,False,0.3264277638684925,0.366695313508559,0.04026754964006651
cf_extension,T3_CF,transition_energy,GDIS transition energy,18520,0.0134436814999999,-0.3766979885000001,0.3766979885000001,False,0.6439569711104441,0.2673040115583676,-0.37665295955207656
cf_extension,T3_CF,transition_energy,GDIS transition energy,18855,0.447423815,0.04343311500000002,0.04343311500000002,False,0.5889347789014563,0.334366800426214,-0.2545679784752423
cf_extension,T3_CF,transition_energy,GDIS transition energy,18907,0.33253816,-0.04925693999999997,0.04925693999999997,False,0.7004876720410596,0.3310352728523745,-0.36945239918868505
cf_extension,T3_CF,transition_energy,GDIS transition energy,18912,0.043407945,-0.325064505,0.325064505,False,0.2953835715204508,0.0909417292765153,-0.20444184224393552
cf_extension,T3_CF,transition_energy,GDIS transition energy,19093,0.052113965,-0.357861535,0.357861535,False,0.4924096426724604,0.0799409045323458,-0.4124687381401146
cf_extension,T3_CF,transition_energy,GDIS transition energy,19127,0.335034185,-0.07430658500000004,0.07430658500000004,False,0.8128904385904752,0.2493157729174949,-0.5635746656729803
cf_extension,T3_CF,transition_energy,GDIS transition energy,19159,0.0492892825,-0.3859258675,0.3859258675,False,0.0861739869834739,0.6582393173549257,0.5720653303714518
cf_extension,T3_CF,transition_energy,GDIS transition energy,19190,0.4541094,0.03838596,0.03838596,False,0.5108490916820123,0.3554550330895471,-0.1553940585924652
cf_extension,T3_CF,transition_energy,GDIS transition energy,19193,0.3374431,-0.05621675999999998,0.05621675999999998,False,0.6694832041743,0.0218787812383313,-0.6476044229359686
cf_extension,T3_CF,transition_energy,GDIS transition energy,19209,0.0226253125,-0.3282059875,0.3282059875,False,0.5175781270549651,0.2467939302401325,-0.27078419681483257
cf_extension,T3_CF,total_variance,Total variance,18489,0.3976131499999999,0.041647844999999906,0.041647844999999906,False,97.87432689396098,128.74915781644802,30.874830922487035
cf_extension,T3_CF,total_variance,Total variance,18508,0.34173241,-0.06989085,0.06989085,False,100.55106664366188,103.13410399064462,2.583037346982735
cf_extension,T3_CF,total_variance,Total variance,18511,0.35825129,-0.015049824999999906,0.015049824999999906,True,131.85924984654312,145.42438274116046,13.565132894617335
cf_extension,T3_CF,total_variance,Total variance,18517,0.349083435,0.02791241,0.02791241,True,121.8274179658653,119.52556452139753,-2.301853444467767
cf_extension,T3_CF,total_variance,Total variance,18520,0.337359935,-0.052781734999999996,0.052781734999999996,False,107.76447916470968,126.73117356798448,18.9666944032748
cf_extension,T3_CF,total_variance,Total variance,18855,0.433198285,0.029207585000000036,0.029207585000000036,False,102.43235147468693,140.76353208989417,38.331180615207245
cf_extension,T3_CF,total_variance,Total variance,18907,0.42510103,0.04330592999999999,0.04330592999999999,False,108.3406079892156,144.66571262182177,36.32510463260617
cf_extension,T3_CF,total_variance,Total variance,18912,0.3958911149999999,0.027418664999999898,0.027418664999999898,False,114.708242945534,128.13133192464227,13.423088979108272
cf_extension,T3_CF,total_variance,Total variance,19093,0.43138858,0.02141308000000003,0.02141308000000003,True,112.90089887907828,132.03651407407713,19.13561519499885
cf_extension,T3_CF,total_variance,Total variance,19127,0.438855785,0.029515014999999978,0.029515014999999978,False,100.0488402610732,99.62635692257764,-0.4224833384955531
cf_extension,T3_CF,total_variance,Total variance,19159,0.395096035,-0.04011911499999998,0.04011911499999998,False,118.8790766949254,111.97293864587569,-6.906138049049716
cf_extension,T3_CF,total_variance,Total variance,19190,0.43481502,0.019091579999999997,0.019091579999999997,True,101.1593969567746,120.89714579298516,19.737748836210557
cf_extension,T3_CF,total_variance,Total variance,19193,0.409005415,0.01534555500000001,0.01534555500000001,True,102.96400586372518,133.48674612014975,30.52274025642457
cf_extension,T3_CF,total_variance,Total variance,19209,0.33153374,-0.01929755999999999,0.01929755999999999,True,99.64542536274544,114.2656410983104,14.620215735564955
cf_extension,T3_CF,mean_lag1_autocorrelation,Mean lag-1 pseudotemporal autocorrelation,18489,0.11337672,-0.24258858500000002,0.24258858500000002,False,-0.0069449060711017,0.0041772608309444,0.0111221669020461
cf_extension,T3_CF,mean_lag1_autocorrelation,Mean lag-1 pseudotemporal autocorrelation,18508,0.15207026,-0.259553,0.259553,False,-0.0020726753322226,-0.0106552609080763,-0.0085825855758537
cf_extension,T3_CF,mean_lag1_autocorrelation,Mean lag-1 pseudotemporal autocorrelation,18511,0.39741355,0.0241124350000001,0.0241124350000001,True,0.0005825260427197,-0.0082131765261434,-0.008795702568863101
cf_extension,T3_CF,mean_lag1_autocorrelation,Mean lag-1 pseudotemporal autocorrelation,18517,0.3328889299999999,0.011717904999999917,0.011717904999999917,True,0.01335168326728,0.0086394186658672,-0.0047122646014128005
cf_extension,T3_CF,mean_lag1_autocorrelation,Mean lag-1 pseudotemporal autocorrelation,18520,0.28028007,-0.1098616,0.1098616,False,-0.0079354470668471,-0.0084353532105421,-0.000499906143695
cf_extension,T3_CF,mean_lag1_autocorrelation,Mean lag-1 pseudotemporal autocorrelation,18855,0.15383732,-0.25015338,0.25015338,False,-0.0031040735048944,-0.0060134069599343,-0.0029093334550399003
cf_extension,T3_CF,mean_lag1_autocorrelation,Mean lag-1 pseudotemporal autocorrelation,18907,0.0538804755,-0.3279146245,0.3279146245,False,-0.0039178360695738,0.0073490083811266,0.011266844450700399
cf_extension,T3_CF,mean_lag1_autocorrelation,Mean lag-1 pseudotemporal autocorrelation,18912,0.1716348899999999,-0.1968375600000001,0.1968375600000001,False,0.0060225496591956,0.003130200163078,-0.0028923494961176003
cf_extension,T3_CF,mean_lag1_autocorrelation,Mean lag-1 pseudotemporal autocorrelation,19093,0.02415071,-0.38582479,0.38582479,False,-0.0202663570546,0.0092493270665051,0.0295156841211051
cf_extension,T3_CF,mean_lag1_autocorrelation,Mean lag-1 pseudotemporal autocorrelation,19127,0.126379885,-0.28296088500000005,0.28296088500000005,False,0.0260747576261775,0.0036719991906849,-0.0224027584354926
cf_extension,T3_CF,mean_lag1_autocorrelation,Mean lag-1 pseudotemporal autocorrelation,19159,0.18303351,-0.25218164,0.25218164,False,0.0041819914887713,0.0121510121768284,0.007969020688057101
cf_extension,T3_CF,mean_lag1_autocorrelation,Mean lag-1 pseudotemporal autocorrelation,19190,0.213424775,-0.202298665,0.202298665,False,-0.0066896559438018,0.0003314581211881,0.0070211140649899
cf_extension,T3_CF,mean_lag1_autocorrelation,Mean lag-1 pseudotemporal autocorrelation,19193,0.201064465,-0.19259539499999997,0.19259539499999997,False,-0.0019805557765171,-0.0200156954259715,-0.018035139649454402
cf_extension,T3_CF,mean_lag1_autocorrelation,Mean lag-1 pseudotemporal autocorrelation,19209,0.3712456,0.020414299999999996,0.020414299999999996,True,-0.0083663890207313,-0.0102235247477109,-0.0018571357269795991
cf_extension,T3_CF,gaussian_differential_entropy,Gaussian differential entropy,18489,0.3976131499999999,0.041647844999999906,0.041647844999999906,False,72.44765013014796,81.36638480053517,8.91873467038721
cf_extension,T3_CF,gaussian_differential_entropy,Gaussian differential entropy,18508,0.345357955,-0.066265305,0.066265305,False,71.56158693098808,76.69087461964453,5.129287688656447
cf_extension,T3_CF,gaussian_differential_entropy,Gaussian differential entropy,18511,0.35825129,-0.015049824999999906,0.015049824999999906,True,78.74713030647234,82.54161436505808,3.794484058585738
cf_extension,T3_CF,gaussian_differential_entropy,Gaussian differential entropy,18517,0.349083435,0.02791241,0.02791241,True,76.59083152233998,77.40204968424977,0.8112181619097925
cf_extension,T3_CF,gaussian_differential_entropy,Gaussian differential entropy,18520,0.343606835,-0.046534835,0.046534835,False,74.9393852948636,79.53465059750438,4.595265302640783
cf_extension,T3_CF,gaussian_differential_entropy,Gaussian differential entropy,18855,0.418803645,0.014812945000000022,0.014812945000000022,True,77.5948482446936,81.45686408173563,3.862015837042037
cf_extension,T3_CF,gaussian_differential_entropy,Gaussian differential entropy,18907,0.430679515,0.048884415000000014,0.048884415000000014,False,73.85265853270627,81.51688296679771,7.664224434091437
cf_extension,T3_CF,gaussian_differential_entropy,Gaussian differential entropy,18912,0.34420721,-0.02426524000000002,0.02426524000000002,True,73.54876275558343,78.7963463158747,5.247583560291275
cf_extension,T3_CF,gaussian_differential_entropy,Gaussian differential entropy,19093,0.34759027,-0.062385230000000014,0.062385230000000014,False,74.99464789534447,79.70328499423906,4.7086370988945845
cf_extension,T3_CF,gaussian_differential_entropy,Gaussian differential entropy,19127,0.3860249,-0.023315870000000016,0.023315870000000016,True,72.74443465796357,72.81973723911453,0.07530258115096444
cf_extension,T3_CF,gaussian_differential_entropy,Gaussian differential entropy,19159,0.423518105,-0.011697045000000017,0.011697045000000017,True,76.68723081667027,76.39312662008163,-0.2941041965886342
cf_extension,T3_CF,gaussian_differential_entropy,Gaussian differential entropy,19190,0.4126701299999999,-0.003053310000000087,0.003053310000000087,True,74.38981386856284,78.55974992959983,4.169936061036992
cf_extension,T3_CF,gaussian_differential_entropy,Gaussian differential entropy,19193,0.4016374,0.007977540000000005,0.007977540000000005,True,72.93332739517908,80.32768823986177,7.394360844682694
cf_extension,T3_CF,gaussian_differential_entropy,Gaussian differential entropy,19209,0.33842875,-0.012402550000000012,0.012402550000000012,True,75.81422384180073,78.21294366777126,2.398719825970531
cf_extension,T3_CF,mean_step_distance,Mean pseudotemporal step distance,18489,0.3976131499999999,0.041647844999999906,0.041647844999999906,False,13.709704759905048,15.74467666044993,2.034971900544882
cf_extension,T3_CF,mean_step_distance,Mean pseudotemporal step distance,18508,0.34173241,-0.06989085,0.06989085,False,13.847198319918432,14.1599597455425,0.3127614256240676
cf_extension,T3_CF,mean_step_distance,Mean pseudotemporal step distance,18511,0.35825129,-0.015049824999999906,0.015049824999999906,True,15.810675624056191,16.749629754436185,0.9389541303799938
cf_extension,T3_CF,mean_step_distance,Mean pseudotemporal step distance,18517,0.349083435,0.02791241,0.02791241,True,14.833122140588689,14.850386362778703,0.017264222190014777
cf_extension,T3_CF,mean_step_distance,Mean pseudotemporal step distance,18520,0.337359935,-0.052781734999999996,0.052781734999999996,False,14.417373696488156,15.568274691018638,1.150900994530483
cf_extension,T3_CF,mean_step_distance,Mean pseudotemporal step distance,18855,0.433198285,0.029207585000000036,0.029207585000000036,False,14.04455138525431,16.49006683218565,2.4455154469313403
cf_extension,T3_CF,mean_step_distance,Mean pseudotemporal step distance,18907,0.42510103,0.04330592999999999,0.04330592999999999,False,14.38413446691048,16.54594611329225,2.1618116463817696
cf_extension,T3_CF,mean_step_distance,Mean pseudotemporal step distance,18912,0.3958911149999999,0.027418664999999898,0.027418664999999898,False,14.667473836820228,15.5913957630357,0.9239219262154723
cf_extension,T3_CF,mean_step_distance,Mean pseudotemporal step distance,19093,0.42198855,0.012013050000000025,0.012013050000000025,True,14.896179979304938,15.83766226058293,0.9414822812779917
cf_extension,T3_CF,mean_step_distance,Mean pseudotemporal step distance,19127,0.438855785,0.029515014999999978,0.029515014999999978,False,13.697857764645422,13.898723678603282,0.2008659139578608
cf_extension,T3_CF,mean_step_distance,Mean pseudotemporal step distance,19159,0.392594765,-0.04262038499999998,0.04262038499999998,False,15.034335420525226,14.56322677955637,-0.47110864096885585
cf_extension,T3_CF,mean_step_distance,Mean pseudotemporal step distance,19190,0.43481502,0.019091579999999997,0.019091579999999997,True,13.991095830086268,15.32715273069318,1.3360569006069127
cf_extension,T3_CF,mean_step_distance,Mean pseudotemporal step distance,19193,0.39762629,0.003966430000000021,0.003966430000000021,True,13.99706914208492,16.216537207696703,2.2194680656117836
cf_extension,T3_CF,mean_step_distance,Mean pseudotemporal step distance,19209,0.33153374,-0.01929755999999999,0.01929755999999999,True,13.76236057958049,14.90204373061129,1.1396831510308
