individual,state,n_cells,state_pseudotime_min,state_pseudotime_q25,state_median_pseudotime,state_pseudotime_q75,state_pseudotime_max
18489,CF,1542,0.10273468,0.324024845,0.355965305,0.3843126725,0.4555442
18489,CM,1826,0.22504203,0.3609948325,0.44328415,0.63600563,0.9260902
18489,CMES,1185,0.08158944,0.24414532,0.28783527,0.3162815,0.3417908
18489,IPSC,2208,0.00076239096,0.01798395325,0.0289205175,0.040485229500000004,0.31490573
18489,MES,1386,0.002250385,0.020190072750000003,0.0315319275,0.0563353915,0.2999303
18489,PROG,252,0.044655267,0.26983369,0.30592346000000004,0.3378209275,0.4644336
18499,CF,67,0.19478181,0.304300455,0.33765152,0.35650434,0.4202795
18499,CM,1604,0.15478754,0.33785320249999995,0.39467457,0.5232797375,0.9488609
18499,CMES,255,0.07145209,0.18239019499999998,0.23174533,0.270081045,0.33370656
18499,IPSC,1977,0.001589355,0.017057423,0.025684807,0.038106278,0.27938762
18499,MES,6280,0.0026721903,0.036662351499999996,0.05799054,0.08781498274999999,0.36943394
18499,PROG,3500,0.062423903,0.247312735,0.28886803,0.32081051,0.45495874
18505,CF,20,0.20979312,0.29872078,0.32162761500000003,0.3389735875,0.3610175
18505,CM,1357,0.25325137,0.41522866,0.55877495,0.72205585,0.9792489
18505,CMES,941,0.05663472,0.2267659,0.2689006,0.30206636,0.34144306
18505,IPSC,1404,0.0004998728,0.0177241625,0.029764304,0.04080834775,0.2891542
18505,MES,2415,0.0041179648,0.035285515,0.05144926,0.07580435299999999,0.31709936
18505,PROG,1371,0.08578285,0.28907667000000004,0.31241092,0.33011398999999997,0.5285638
18508,CF,4648,0.18870515,0.3786384125,0.41162326,0.433697585,0.4701123
18508,CM,1445,0.24020377,0.45569828,0.6593754,0.7940662,1.0
18508,CMES,2410,0.13021675,0.30422205,0.325505585,0.33286855,0.39960623
18508,IPSC,3374,0.0011004475,0.01679491925,0.027092571,0.03967541325,0.43746823
18508,MES,1153,0.0016074785,0.031008815,0.065810025,0.12595172,0.3410214
18508,PROG,897,0.044323746,0.24559052,0.2775967,0.31085587,0.47767648
18511,CF,2160,0.19419566,0.3352885675,0.37330111499999996,0.40792457,0.45959434
18511,CM,1371,0.18111956,0.36236403,0.42686644,0.55885045,0.9342706
18511,CMES,468,0.03544797,0.21473484,0.26849953,0.3079508675,0.3421081
18511,IPSC,2978,0.0006600192,0.0170415065,0.028513549,0.04091847125,0.36666268
18511,MES,4654,0.001780675,0.02857483325,0.04391705,0.0706555675,0.3261314
18511,PROG,2668,0.120940425,0.312212575,0.327949375,0.3356526875,0.48105213
18517,CF,266,0.19096242,0.2968545525,0.321171025,0.350579925,0.41966185
18517,CM,2537,0.23264226,0.36852196,0.46599331,0.6159805,0.95426476
18517,CMES,794,0.05915994,0.22743584,0.27856214,0.3102833575,0.3428681
18517,IPSC,1681,0.0018329098,0.016634481,0.02684189,0.036769275,0.2996852
18517,MES,3036,0.0016219292,0.02302405125,0.033099593,0.0496064,0.29333654
18517,PROG,1482,0.057539415,0.30850411,0.32714881,0.33803584,0.5238443
18520,CF,2899,0.19886589,0.35358100000000003,0.39014167,0.41776561,0.47575754
18520,CM,749,0.24582939,0.36246026,0.43657294,0.6002824,0.9203316
18520,CMES,1685,0.07837313,0.25105852,0.29993442,0.325688,0.35537446
18520,IPSC,450,0.0030083733,0.020112087,0.0333570725,0.04358205475,0.41244143
18520,MES,3722,0.000863764,0.028817563,0.0569987335,0.09772634875,0.3472382
18520,PROG,1796,0.065974556,0.26296537999999997,0.29552611,0.3249215225,0.43954647
18855,CF,4641,0.17943874,0.368373,0.4039907,0.42959362,0.46618518
18855,CM,715,0.23154546,0.36133075000000003,0.40134957,0.49500087,0.95088375
18855,CMES,295,0.11363389,0.27010484999999995,0.3059474,0.32587982,0.3411529
18855,IPSC,877,0.0009447735,0.019611288,0.030864147,0.04229879,0.42308947
18855,MES,2082,0.004613642,0.026979303500000003,0.041213007499999996,0.061139623500000004,0.3129432
18855,PROG,795,0.1069817,0.2775297,0.30925772,0.33461050999999997,0.40900034
18858,CF,8,0.12082054,0.2376988575,0.25736395,0.319906985,0.34719124
18858,CM,1543,0.066293605,0.38485224,0.49036673,0.6232403,0.9482786
18858,CMES,124,0.0874706,0.2321297725,0.27102716,0.301130035,0.33232263
18858,IPSC,2142,0.0,0.017759376,0.028164186,0.04204080375,0.3299373
18858,MES,5754,0.001199733,0.024242892000000002,0.038656299,0.0626198675,0.35158354
18858,PROG,2629,0.06204631,0.28546095,0.3146237,0.3312997,0.5239825
18870,CF,66,0.032593094,0.31250131999999997,0.36417589,0.389511135,0.4531767
18870,CM,495,0.104292855,0.32538649,0.35724792,0.37713918,0.9035637
18870,CMES,155,0.08559698,0.22238776500000002,0.25883543,0.293288985,0.33551362
18870,IPSC,3250,0.00050973304,0.014773843750000001,0.024416789,0.0413475845,0.31731957
18870,MES,2515,0.0039077485,0.0403409065,0.06660028,0.098664165,0.30948567
18870,PROG,5189,0.060213614,0.23769924,0.27947646,0.31732836,0.4176836
18907,CF,3223,0.18854272,0.348840665,0.3817951,0.40661061,0.5258463
18907,CM,751,0.10611511,0.35666988,0.40318394,0.56503485,0.9194011
18907,CMES,1928,0.08903616,0.26587977,0.30431904,0.32608054000000003,0.36086404
18907,IPSC,1009,0.0006359476,0.023234552,0.03573944,0.043805014,0.22566089
18907,MES,1163,0.0032891396,0.020308213999999998,0.031076798,0.055242,0.2525054
18907,PROG,948,0.04301988,0.28526503000000003,0.313769875,0.335245765,0.40247834
18912,CF,798,0.17758806,0.339415,0.36847245,0.391814735,0.51308095
18912,CM,2821,0.16366005,0.38833755,0.5144707,0.70541054,0.99681723
18912,CMES,2185,0.06035226,0.2851656,0.31262648,0.32660306,0.348809
18912,IPSC,3593,0.00046282916,0.017466487,0.026255557,0.038004305,0.3572679
18912,MES,1568,0.0025567643,0.02374341425,0.041372311999999994,0.0841159635,0.33023477
18912,PROG,2956,0.114118025,0.27427154249999997,0.31318590999999996,0.34321597,0.43933147
19093,CF,3157,0.19277804,0.3750767,0.4099755,0.43360272,0.54754925
19093,CM,2552,0.21494845,0.46060903,0.6336237849999999,0.7489908375000001,0.9657756
19093,CMES,1176,0.042334694,0.2784652425,0.31081943,0.32799989,0.3597873
19093,IPSC,1962,0.0015587251,0.0238433485,0.0369758225,0.0448899745,0.79676944
19093,MES,7798,0.0037548046,0.036858662,0.0534829535,0.07990900249999999,0.38410166
19093,PROG,1979,0.1083016,0.304983915,0.32352218,0.33488505999999996,0.460638
19108,CF,181,0.2610888,0.3452131,0.37690464,0.40708923,0.4512864
19108,CM,166,0.16365546,0.334357565,0.37534056000000005,0.480276095,0.86960185
19108,CMES,335,0.0717861,0.249752795,0.293644,0.314527265,0.3431738
19108,IPSC,1386,0.0030468856,0.017915388,0.0260334975,0.03646227475,0.3885002
19108,MES,1693,0.0032118624,0.034234732,0.050665893,0.07090256,0.27873585
19108,PROG,180,0.06803764,0.2842107075,0.319511145,0.33518541,0.454383
19127,CF,3944,0.16442566,0.37147886,0.40934077,0.4339782875,0.4811506
19127,CM,34,0.22889806,0.33924997999999995,0.37223156,0.3856798375,0.4197247
19127,CMES,1342,0.050793562,0.274239635,0.30796184000000004,0.32732561250000003,0.3809123
19127,IPSC,1903,0.0011293992,0.017276209,0.027986776,0.040184866,0.33103555
19127,MES,1796,0.0015125956,0.02542473475,0.0392021715,0.06323319999999999,0.3215316
19127,PROG,1142,0.04197285,0.307988575,0.33992822,0.363747495,0.43780386
19159,CF,6909,0.22410567,0.4095534,0.43521515,0.44669917,0.47986224
19159,CM,15,0.23660913,0.33514743,0.40037894,0.40758671,0.5838284
19159,CMES,816,0.1511673,0.31674396250000003,0.33477678,0.3434175275,0.39679465
19159,IPSC,2474,0.0011828365,0.02621914475,0.038798816,0.045219913,0.43288735
19159,MES,1442,0.0035015459,0.01952756175,0.027495997,0.045032879,0.24563506
19159,PROG,1212,0.06277213,0.35305194,0.379604,0.3967035625,0.4522439
19190,CF,8171,0.1732589,0.38457957499999995,0.41572344,0.43648377,0.4780094
19190,CM,35,0.18642685,0.35681018,0.3865971,0.42294249,0.79675084
19190,CMES,1375,0.05453188,0.276294985,0.31270877,0.330390575,0.3742891
19190,IPSC,2959,0.0011433823,0.016667193,0.02559383,0.035795556500000006,0.35270083
19190,MES,2489,0.0048798667,0.02962886,0.041906796,0.062391322,0.3080748
19190,PROG,1921,0.12652127,0.32373694,0.3421823,0.3546256,0.4343639
19193,CF,3039,0.15190065,0.358584405,0.39365986,0.42370791500000005,0.4655817
19193,CM,956,0.22407657,0.3437713175,0.37416219500000003,0.48121698,0.9209768
19193,CMES,1332,0.07486955,0.30689312999999996,0.32815273,0.334539735,0.37859136
19193,IPSC,2364,0.0015703492,0.01677564525,0.027198701999999998,0.0392310855,0.2982978
19193,MES,1125,0.0026111368,0.022156617,0.033076502,0.053208914,0.33267286
19193,PROG,1104,0.10067506,0.307990755,0.333821485,0.3512621575,0.42684844
19209,CF,151,0.1745581,0.320062655,0.3508313,0.371558445,0.42937693
19209,CM,890,0.16795544,0.345508865,0.39301511499999997,0.554309105,0.9580142
19209,CMES,343,0.08382305,0.23844087,0.2835148,0.31480518,0.36046025
19209,IPSC,1742,0.0011244698,0.01646236725,0.027816156,0.041083303,0.28797197
19209,MES,3106,0.0026355747,0.038978329,0.069370658,0.1179285575,0.3240313
19209,PROG,3701,0.047831997,0.27449304,0.31164765,0.33615512,0.49094278
