config,scope,individual,transition_id,destination_state,destination_state_median_pseudotime,parameter_min,parameter_max,landmark_minus_parameter_max,landmark_inside_parameter_range,n_windows,final_primary_gdis_eligible
primary_w400_s100,cf_extension,18489,T3_CF,CF,0.355965305,0.0093122065,0.3976131499999999,-0.041647844999999906,True,62,True
primary_w400_s100,cf_extension,18508,T3_CF,CF,0.41162326,0.008214258,0.44899516,-0.03737190000000001,True,121,True
primary_w400_s100,cf_extension,18511,T3_CF,CF,0.3733011149999999,0.008324772,0.430135935,-0.05683482000000012,True,126,True
primary_w400_s100,cf_extension,18517,T3_CF,CF,0.321171025,0.0107778705,0.349083435,-0.02791241,True,69,True
primary_w400_s100,cf_extension,18520,T3_CF,CF,0.39014167,0.0134436814999999,0.43961087,-0.04946919999999999,True,102,True
primary_w400_s100,cf_extension,18855,T3_CF,CF,0.4039907,0.01420406175,0.447423815,-0.04343311500000002,True,83,True
primary_w400_s100,cf_extension,18907,T3_CF,CF,0.3817951,0.014147929,0.430679515,-0.048884415000000014,True,79,True
primary_w400_s100,cf_extension,18912,T3_CF,CF,0.36847245,0.0080636965,0.3958911149999999,-0.027418664999999898,True,108,True
primary_w400_s100,cf_extension,19093,T3_CF,CF,0.4099755,0.012019524,0.446863455,-0.03688795500000003,True,157,True
primary_w400_s100,cf_extension,19127,T3_CF,CF,0.40934077,0.009876764,0.450146245,-0.04080547499999998,True,98,True
primary_w400_s100,cf_extension,19159,T3_CF,CF,0.43521515,0.0118863929999999,0.4574558749999999,-0.022240724999999906,True,125,True
primary_w400_s100,cf_extension,19190,T3_CF,CF,0.41572344,0.0089863594999999,0.4541094,-0.03838596,True,166,True
primary_w400_s100,cf_extension,19193,T3_CF,CF,0.39365986,0.009603269,0.44356114,-0.04990128000000005,True,86,True
primary_w400_s100,cf_extension,19209,T3_CF,CF,0.3508313,0.010101056,0.3712456,-0.020414299999999996,True,87,True
primary_w400_s100,cm_extension,18489,T3_CM,CM,0.44328415,0.0093122065,0.73342248,-0.29013833,True,65,True
primary_w400_s100,cm_extension,18499,T3_CM,CM,0.39467457,0.0105001885,0.6397139000000001,-0.24503933000000006,True,133,True
primary_w400_s100,cm_extension,18505,T3_CM,CM,0.55877495,0.0123187974999999,0.7460287,-0.18725375,True,71,True
primary_w400_s100,cm_extension,18508,T3_CM,CM,0.6593754,0.008214258,0.82214742,-0.16277202000000002,True,89,True
primary_w400_s100,cm_extension,18511,T3_CM,CM,0.42686644,0.008324772,0.63081645,-0.20395000999999996,True,118,True
primary_w400_s100,cm_extension,18517,T3_CM,CM,0.46599331,0.0107778705,0.7437650849999999,-0.27777177499999994,True,92,True
primary_w400_s100,cm_extension,18520,T3_CM,CM,0.43657294,0.0134436814999999,0.5861136,-0.14954066,True,81,True
primary_w400_s100,cm_extension,18855,T3_CM,CM,0.40134957,0.01420406175,0.420748335,-0.019398764999999984,True,44,True
primary_w400_s100,cm_extension,18858,T3_CM,CM,0.49036673,0.008778636,0.679256945,-0.18889021500000003,True,118,True
primary_w400_s100,cm_extension,18870,T3_CM,CM,0.35724792,0.0072889432,0.37247054,-0.01522262000000002,True,113,True
primary_w400_s100,cm_extension,18907,T3_CM,CM,0.40318394,0.014147929,0.42500528,-0.021821339999999967,True,54,True
primary_w400_s100,cm_extension,18912,T3_CM,CM,0.5144707,0.0080636965,0.8515687000000001,-0.3370980000000001,True,128,True
primary_w400_s100,cm_extension,19093,T3_CM,CM,0.6336237849999999,0.012019524,0.8289179200000001,-0.19529413500000015,True,151,True
primary_w400_s100,cm_extension,19193,T3_CM,CM,0.374162195,0.009603269,0.43576476,-0.061602565,True,65,True
primary_w400_s100,cm_extension,19209,T3_CM,CM,0.3930151149999999,0.010101056,0.49666047,-0.1036453550000001,True,94,True
primary_w400_s100,shared_backbone,18489,T2,CMES,0.28783527,0.0093122065,0.32634978,-0.03851451,True,47,True
primary_w400_s100,shared_backbone,18499,T2,CMES,0.23174533,0.0105001885,0.345389095,-0.11364376499999998,True,117,True
primary_w400_s100,shared_backbone,18505,T2,CMES,0.2689006,0.0123187974999999,0.3372085999999999,-0.06830799999999992,True,58,True
primary_w400_s100,shared_backbone,18508,T2,CMES,0.325505585,0.008214258,0.3386987,-0.013193115000000033,True,75,True
primary_w400_s100,shared_backbone,18511,T2,CMES,0.26849953,0.008324772,0.34631432,-0.07781479000000002,True,104,True
primary_w400_s100,shared_backbone,18517,T2,CMES,0.27856214,0.0107778705,0.3413911,-0.06282895999999999,True,66,True
primary_w400_s100,shared_backbone,18520,T2,CMES,0.29993442,0.0134436814999999,0.340759455,-0.04082503500000001,True,73,True
primary_w400_s100,shared_backbone,18855,T2,CMES,0.3059474,0.01420406175,0.33273144,-0.02678404000000001,True,37,True
primary_w400_s100,shared_backbone,18858,T2,CMES,0.27102716,0.008778636,0.34914847,-0.07812131,True,103,True
primary_w400_s100,shared_backbone,18870,T2,CMES,0.25883543,0.0072889432,0.35179528,-0.09295985000000001,True,108,True
primary_w400_s100,shared_backbone,18907,T2,CMES,0.30431904,0.014147929,0.337738305,-0.03341926500000003,True,47,True
primary_w400_s100,shared_backbone,18912,T2,CMES,0.31262648,0.0080636965,0.3727237,-0.06009722000000001,True,100,True
primary_w400_s100,shared_backbone,19093,T2,CMES,0.31081943,0.012019524,0.346556335,-0.035736904999999985,True,126,True
primary_w400_s100,shared_backbone,19108,T2,CMES,0.293644,0.013453955,0.29461435,-0.0009703500000000087,True,32,True
primary_w400_s100,shared_backbone,19127,T2,CMES,0.30796184,0.009876764,0.3644500699999999,-0.05648822999999992,True,58,True
primary_w400_s100,shared_backbone,19159,T2,CMES,0.33477678,0.0118863929999999,0.401277645,-0.06650086500000002,True,56,True
primary_w400_s100,shared_backbone,19190,T2,CMES,0.31270877,0.0089863594999999,0.364080545,-0.05137177499999995,True,84,True
primary_w400_s100,shared_backbone,19193,T2,CMES,0.32815273,0.009603269,0.35780535,-0.02965262000000002,True,56,True
primary_w400_s100,shared_backbone,19209,T2,CMES,0.2835148,0.010101056,0.365858085,-0.08234328499999999,True,85,True
