scope,individual,transition_id,source_state,destination_state,metric,metric_label,source_landmark,destination_landmark,source_nearest_parameter,destination_nearest_parameter,source_value,destination_value,destination_minus_source,normalized_destination_minus_source,increases_to_destination
cf_extension,18489,T3_CF,PROG,CF,gdis,GDIS,0.30592346,0.355965305,0.30501105,0.35723773000000003,0.804020533899213,0.4993401984656185,-0.3046803354335945,-0.36562754349409016,False
cf_extension,18489,T3_CF,PROG,CF,transition_energy,GDIS transition energy,0.30592346,0.355965305,0.30501105,0.35723773000000003,0.3704635126604684,0.1025398093700486,-0.2679237032904198,-0.2773668209992555,False
cf_extension,18489,T3_CF,PROG,CF,total_variance,Total variance,0.30592346,0.355965305,0.30501105,0.35723773000000003,97.87432689396098,128.74915781644802,30.874830922487035,0.27509993331705884,True
cf_extension,18489,T3_CF,PROG,CF,mean_lag1_autocorrelation,Mean lag-1 pseudotemporal autocorrelation,0.30592346,0.355965305,0.30501105,0.35723773000000003,-0.0069449060711017484,0.004177260830944416,0.011122166902046164,0.1482750173421426,True
cf_extension,18489,T3_CF,PROG,CF,gaussian_differential_entropy,Gaussian differential entropy,0.30592346,0.355965305,0.30501105,0.35723773000000003,72.44765013014796,81.36638480053517,8.91873467038721,0.24205575407180754,True
cf_extension,18489,T3_CF,PROG,CF,mean_step_distance,Mean pseudotemporal step distance,0.30592346,0.355965305,0.30501105,0.35723773000000003,13.709704759905048,15.74467666044993,2.034971900544882,0.2507611722135041,True
cf_extension,18508,T3_CF,PROG,CF,gdis,GDIS,0.2775967,0.41162326,0.2800884,0.41232045,0.8165034369800244,0.7919092702830157,-0.024594166697008646,-0.029244681419875768,False
cf_extension,18508,T3_CF,PROG,CF,transition_energy,GDIS transition energy,0.2775967,0.41162326,0.2800884,0.41232045,0.1324248074481879,0.1770665661746969,0.044641758726508995,0.04723692541175452,True
cf_extension,18508,T3_CF,PROG,CF,total_variance,Total variance,0.2775967,0.41162326,0.2800884,0.41232045,100.55106664366187,103.13410399064462,2.5830373469827492,0.026585484870873678,True
cf_extension,18508,T3_CF,PROG,CF,mean_lag1_autocorrelation,Mean lag-1 pseudotemporal autocorrelation,0.2775967,0.41162326,0.2800884,0.41232045,-0.0020726753322226855,-0.01065526090807639,-0.008582585575853705,-0.12403735791129236,False
cf_extension,18508,T3_CF,PROG,CF,gaussian_differential_entropy,Gaussian differential entropy,0.2775967,0.41162326,0.2800884,0.41232045,71.56158693098808,76.69087461964453,5.129287688656447,0.14766160641126722,True
cf_extension,18508,T3_CF,PROG,CF,mean_step_distance,Mean pseudotemporal step distance,0.2775967,0.41162326,0.2800884,0.41232045,13.847198319918432,14.159959745542501,0.3127614256240694,0.04356537302765764,True
cf_extension,18511,T3_CF,PROG,CF,gdis,GDIS,0.327949375,0.3733011149999999,0.32831817,0.37416211,0.8056768131903709,0.801306114641887,-0.004370698548483931,-0.005555211791375715,False
cf_extension,18511,T3_CF,PROG,CF,transition_energy,GDIS transition energy,0.327949375,0.3733011149999999,0.32831817,0.37416211,0.2886636095883027,0.056727353621502,-0.23193625596680073,-0.24490804712490796,False
cf_extension,18511,T3_CF,PROG,CF,total_variance,Total variance,0.327949375,0.3733011149999999,0.32831817,0.37416211,131.85924984654312,145.42438274116046,13.565132894617335,0.11130806014799866,True
cf_extension,18511,T3_CF,PROG,CF,mean_lag1_autocorrelation,Mean lag-1 pseudotemporal autocorrelation,0.327949375,0.3733011149999999,0.32831817,0.37416211,0.0005825260427197854,-0.008213176526143453,-0.008795702568863238,-0.16631964927952744,False
cf_extension,18511,T3_CF,PROG,CF,gaussian_differential_entropy,Gaussian differential entropy,0.327949375,0.3733011149999999,0.32831817,0.37416211,78.74713030647234,82.54161436505808,3.794484058585738,0.10127924293601973,True
cf_extension,18511,T3_CF,PROG,CF,mean_step_distance,Mean pseudotemporal step distance,0.327949375,0.3733011149999999,0.32831817,0.37416211,15.810675624056191,16.749629754436185,0.9389541303799938,0.10013252802789148,True
cf_extension,18517,T3_CF,PROG,CF,gdis,GDIS,0.32714881,0.321171025,0.326279325,0.32110389,0.8132848102133805,0.7949652304956738,-0.018319579717706702,-0.0256121432377344,False
cf_extension,18517,T3_CF,PROG,CF,transition_energy,GDIS transition energy,0.32714881,0.321171025,0.326279325,0.32110389,0.3264277638684925,0.366695313508559,0.04026754964006651,0.04078613010504262,True
cf_extension,18517,T3_CF,PROG,CF,total_variance,Total variance,0.32714881,0.321171025,0.326279325,0.32110389,121.8274179658653,119.52556452139753,-2.301853444467767,-0.02348169229242867,False
cf_extension,18517,T3_CF,PROG,CF,mean_lag1_autocorrelation,Mean lag-1 pseudotemporal autocorrelation,0.32714881,0.321171025,0.326279325,0.32110389,0.013351683267280041,0.008639418665867206,-0.004712264601412835,-0.11613252021006211,False
cf_extension,18517,T3_CF,PROG,CF,gaussian_differential_entropy,Gaussian differential entropy,0.32714881,0.321171025,0.326279325,0.32110389,76.59083152233998,77.40204968424977,0.8112181619097925,0.022909367548130843,True
cf_extension,18517,T3_CF,PROG,CF,mean_step_distance,Mean pseudotemporal step distance,0.32714881,0.321171025,0.326279325,0.32110389,14.833122140588689,14.850386362778703,0.017264222190014777,0.0023591025860067215,True
cf_extension,18520,T3_CF,PROG,CF,gdis,GDIS,0.29552611,0.39014167,0.297199415,0.390737695,0.8003037960224253,0.7586855690208046,-0.041618227001620656,-0.05333241121759507,False
cf_extension,18520,T3_CF,PROG,CF,transition_energy,GDIS transition energy,0.29552611,0.39014167,0.297199415,0.390737695,0.6439569711104441,0.2673040115583676,-0.37665295955207656,-0.37665295955207656,False
cf_extension,18520,T3_CF,PROG,CF,total_variance,Total variance,0.29552611,0.39014167,0.297199415,0.390737695,107.76447916470968,126.73117356798448,18.9666944032748,0.18519919274001653,True
cf_extension,18520,T3_CF,PROG,CF,mean_lag1_autocorrelation,Mean lag-1 pseudotemporal autocorrelation,0.29552611,0.39014167,0.297199415,0.390737695,-0.007935447066847125,-0.008435353210542168,-0.0004999061436950433,-0.011829024285815606,False
cf_extension,18520,T3_CF,PROG,CF,gaussian_differential_entropy,Gaussian differential entropy,0.29552611,0.39014167,0.297199415,0.390737695,74.9393852948636,79.53465059750438,4.595265302640783,0.12291043182049798,True
cf_extension,18520,T3_CF,PROG,CF,mean_step_distance,Mean pseudotemporal step distance,0.29552611,0.39014167,0.297199415,0.390737695,14.417373696488156,15.568274691018638,1.150900994530483,0.14425724906453533,True
cf_extension,18855,T3_CF,PROG,CF,gdis,GDIS,0.30925772,0.4039907,0.30773882500000005,0.40466697500000004,0.7802761799930293,0.7411764634931435,-0.03909971649988586,-0.059791285318852694,False
cf_extension,18855,T3_CF,PROG,CF,transition_energy,GDIS transition energy,0.30925772,0.4039907,0.30773882500000005,0.40466697500000004,0.5889347789014563,0.334366800426214,-0.2545679784752423,-0.2632794501863768,False
cf_extension,18855,T3_CF,PROG,CF,total_variance,Total variance,0.30925772,0.4039907,0.30773882500000005,0.40466697500000004,102.43235147468693,140.76353208989417,38.331180615207245,0.33340116943587383,True
cf_extension,18855,T3_CF,PROG,CF,mean_lag1_autocorrelation,Mean lag-1 pseudotemporal autocorrelation,0.30925772,0.4039907,0.30773882500000005,0.40466697500000004,-0.0031040735048944498,-0.006013406959934302,-0.002909333455039852,-0.04128254389195413,False
cf_extension,18855,T3_CF,PROG,CF,gaussian_differential_entropy,Gaussian differential entropy,0.30925772,0.4039907,0.30773882500000005,0.40466697500000004,77.5948482446936,81.45686408173563,3.862015837042037,0.10888293817299968,True
cf_extension,18855,T3_CF,PROG,CF,mean_step_distance,Mean pseudotemporal step distance,0.30925772,0.4039907,0.30773882500000005,0.40466697500000004,14.04455138525431,16.49006683218565,2.4455154469313403,0.28560165021813766,True
cf_extension,18907,T3_CF,PROG,CF,gdis,GDIS,0.313769875,0.3817951,0.31456028,0.380275605,0.8238635737101679,0.7769225919245522,-0.04694098178561579,-0.061276609571460805,False
cf_extension,18907,T3_CF,PROG,CF,transition_energy,GDIS transition energy,0.313769875,0.3817951,0.31456028,0.380275605,0.7004876720410596,0.3310352728523745,-0.36945239918868505,-0.3710006727300226,False
cf_extension,18907,T3_CF,PROG,CF,total_variance,Total variance,0.313769875,0.3817951,0.31456028,0.380275605,108.34060798921561,144.66571262182177,36.325104632606156,0.3157089854470557,True
cf_extension,18907,T3_CF,PROG,CF,mean_lag1_autocorrelation,Mean lag-1 pseudotemporal autocorrelation,0.313769875,0.3817951,0.31456028,0.380275605,-0.003917836069573894,0.007349008381126646,0.01126684445070054,0.12706790386928818,True
cf_extension,18907,T3_CF,PROG,CF,gaussian_differential_entropy,Gaussian differential entropy,0.313769875,0.3817951,0.31456028,0.380275605,73.85265853270627,81.51688296679771,7.664224434091437,0.21636225449866217,True
cf_extension,18907,T3_CF,PROG,CF,mean_step_distance,Mean pseudotemporal step distance,0.313769875,0.3817951,0.31456028,0.380275605,14.384134466910481,16.54594611329225,2.161811646381768,0.26461421437084603,True
cf_extension,18912,T3_CF,PROG,CF,gdis,GDIS,0.3131859099999999,0.36847245,0.31276963,0.36759627500000003,0.8180674532281413,0.7483308365111012,-0.06973661671704012,-0.08319624132540211,False
cf_extension,18912,T3_CF,PROG,CF,transition_energy,GDIS transition energy,0.3131859099999999,0.36847245,0.31276963,0.36759627500000003,0.2953835715204508,0.0909417292765153,-0.20444184224393552,-0.20444184224393552,False
cf_extension,18912,T3_CF,PROG,CF,total_variance,Total variance,0.3131859099999999,0.36847245,0.31276963,0.36759627500000003,114.70824294553401,128.13133192464227,13.423088979108257,0.12201071108605134,True
cf_extension,18912,T3_CF,PROG,CF,mean_lag1_autocorrelation,Mean lag-1 pseudotemporal autocorrelation,0.3131859099999999,0.36847245,0.31276963,0.36759627500000003,0.006022549659195681,0.0031302001630780073,-0.0028923494961176736,-0.05484529031621345,False
cf_extension,18912,T3_CF,PROG,CF,gaussian_differential_entropy,Gaussian differential entropy,0.3131859099999999,0.36847245,0.31276963,0.36759627500000003,73.54876275558343,78.7963463158747,5.247583560291275,0.1538121387771425,True
cf_extension,18912,T3_CF,PROG,CF,mean_step_distance,Mean pseudotemporal step distance,0.3131859099999999,0.36847245,0.31276963,0.36759627500000003,14.667473836820227,15.5913957630357,0.9239219262154741,0.11446815950655573,True
cf_extension,19093,T3_CF,PROG,CF,gdis,GDIS,0.32352218,0.4099755,0.32361673,0.410378365,0.7847879962856712,0.7261491631587074,-0.05863883312696383,-0.07958094564734632,False
cf_extension,19093,T3_CF,PROG,CF,transition_energy,GDIS transition energy,0.32352218,0.4099755,0.32361673,0.410378365,0.4924096426724604,0.0799409045323458,-0.4124687381401146,-0.4542185758919527,False
cf_extension,19093,T3_CF,PROG,CF,total_variance,Total variance,0.32352218,0.4099755,0.32361673,0.410378365,112.90089887907827,132.03651407407713,19.135615194998863,0.19333002940223057,True
cf_extension,19093,T3_CF,PROG,CF,mean_lag1_autocorrelation,Mean lag-1 pseudotemporal autocorrelation,0.32352218,0.4099755,0.32361673,0.410378365,-0.02026635705460008,0.009249327066505103,0.029515684121105182,0.4148178493404205,True
cf_extension,19093,T3_CF,PROG,CF,gaussian_differential_entropy,Gaussian differential entropy,0.32352218,0.4099755,0.32361673,0.410378365,74.99464789534447,79.70328499423906,4.7086370988945845,0.1369765360634602,True
cf_extension,19093,T3_CF,PROG,CF,mean_step_distance,Mean pseudotemporal step distance,0.32352218,0.4099755,0.32361673,0.410378365,14.896179979304938,15.83766226058293,0.9414822812779917,0.12315841395573034,True
cf_extension,19127,T3_CF,PROG,CF,gdis,GDIS,0.33992822,0.40934077,0.33973503,0.40802077000000003,0.8136791157559085,0.7120181046277748,-0.10166101112813364,-0.12098423344000214,False
cf_extension,19127,T3_CF,PROG,CF,transition_energy,GDIS transition energy,0.33992822,0.40934077,0.33973503,0.40802077000000003,0.8128904385904752,0.2493157729174949,-0.5635746656729803,-0.5757810617817568,False
cf_extension,19127,T3_CF,PROG,CF,total_variance,Total variance,0.33992822,0.40934077,0.33973503,0.40802077000000003,100.04884026107321,99.62635692257764,-0.4224833384955673,-0.0069631434182802435,False
cf_extension,19127,T3_CF,PROG,CF,mean_lag1_autocorrelation,Mean lag-1 pseudotemporal autocorrelation,0.33992822,0.40934077,0.33973503,0.40802077000000003,0.026074757626177503,0.0036719991906849015,-0.022402758435492602,-0.30761449726987455,False
cf_extension,19127,T3_CF,PROG,CF,gaussian_differential_entropy,Gaussian differential entropy,0.33992822,0.40934077,0.33973503,0.40802077000000003,72.74443465796357,72.81973723911453,0.07530258115096444,0.003028702154535687,True
cf_extension,19127,T3_CF,PROG,CF,mean_step_distance,Mean pseudotemporal step distance,0.33992822,0.40934077,0.33973503,0.40802077000000003,13.697857764645422,13.898723678603282,0.2008659139578608,0.03781627091446296,True
cf_extension,19159,T3_CF,PROG,CF,gdis,GDIS,0.379604,0.43521515,0.37886152,0.43535278,0.8106802269751603,0.736215023370859,-0.07446520360430131,-0.10275757501678086,False
cf_extension,19159,T3_CF,PROG,CF,transition_energy,GDIS transition energy,0.379604,0.43521515,0.37886152,0.43535278,0.0861739869834739,0.6582393173549257,0.5720653303714518,0.5720653303714518,True
cf_extension,19159,T3_CF,PROG,CF,total_variance,Total variance,0.379604,0.43521515,0.37886152,0.43535278,118.8790766949254,111.97293864587569,-6.906138049049716,-0.08194590738311447,False
cf_extension,19159,T3_CF,PROG,CF,mean_lag1_autocorrelation,Mean lag-1 pseudotemporal autocorrelation,0.379604,0.43521515,0.37886152,0.43535278,0.004181991488771348,0.012151012176828426,0.007969020688057077,0.064736425823623,True
cf_extension,19159,T3_CF,PROG,CF,gaussian_differential_entropy,Gaussian differential entropy,0.379604,0.43521515,0.37886152,0.43535278,76.68723081667027,76.39312662008163,-0.2941041965886342,-0.008834942892378064,False
cf_extension,19159,T3_CF,PROG,CF,mean_step_distance,Mean pseudotemporal step distance,0.379604,0.43521515,0.37886152,0.43535278,15.034335420525226,14.56322677955637,-0.47110864096885585,-0.06779535252396234,False
cf_extension,19190,T3_CF,PROG,CF,gdis,GDIS,0.3421823,0.41572344,0.34160851000000003,0.415320885,0.8056561549633897,0.7692034248277075,-0.036452730135682176,-0.04373952533145011,False
cf_extension,19190,T3_CF,PROG,CF,transition_energy,GDIS transition energy,0.3421823,0.41572344,0.34160851000000003,0.415320885,0.5108490916820123,0.3554550330895471,-0.1553940585924652,-0.15840991512890268,False
cf_extension,19190,T3_CF,PROG,CF,total_variance,Total variance,0.3421823,0.41572344,0.34160851000000003,0.415320885,101.1593969567746,120.89714579298516,19.737748836210557,0.21431268293060912,True
cf_extension,19190,T3_CF,PROG,CF,mean_lag1_autocorrelation,Mean lag-1 pseudotemporal autocorrelation,0.3421823,0.41572344,0.34160851000000003,0.415320885,-0.006689655943801844,0.0003314581211881659,0.00702111406499001,0.1431955132920824,True
cf_extension,19190,T3_CF,PROG,CF,gaussian_differential_entropy,Gaussian differential entropy,0.3421823,0.41572344,0.34160851000000003,0.415320885,74.38981386856284,78.55974992959983,4.169936061036992,0.1346706662549919,True
cf_extension,19190,T3_CF,PROG,CF,mean_step_distance,Mean pseudotemporal step distance,0.3421823,0.41572344,0.34160851000000003,0.415320885,13.991095830086268,15.32715273069318,1.3360569006069127,0.1872395006366459,True
cf_extension,19193,T3_CF,PROG,CF,gdis,GDIS,0.333821485,0.39365986,0.33375234,0.393553245,0.8313540879610664,0.7762536563076781,-0.05510043165338829,-0.06571073034699908,False
cf_extension,19193,T3_CF,PROG,CF,transition_energy,GDIS transition energy,0.333821485,0.39365986,0.33375234,0.393553245,0.6694832041743,0.0218787812383313,-0.6476044229359686,-0.6476044229359686,False
cf_extension,19193,T3_CF,PROG,CF,total_variance,Total variance,0.333821485,0.39365986,0.33375234,0.393553245,102.96400586372518,133.48674612014975,30.52274025642457,0.324581635108863,True
cf_extension,19193,T3_CF,PROG,CF,mean_lag1_autocorrelation,Mean lag-1 pseudotemporal autocorrelation,0.333821485,0.39365986,0.33375234,0.393553245,-0.001980555776517183,-0.020015695425971525,-0.018035139649454343,-0.23615269074085637,False
cf_extension,19193,T3_CF,PROG,CF,gaussian_differential_entropy,Gaussian differential entropy,0.333821485,0.39365986,0.33375234,0.393553245,72.93332739517908,80.32768823986177,7.394360844682694,0.2323138109958958,True
cf_extension,19193,T3_CF,PROG,CF,mean_step_distance,Mean pseudotemporal step distance,0.333821485,0.39365986,0.33375234,0.393553245,13.99706914208492,16.216537207696703,2.2194680656117836,0.31477059932271745,True
cf_extension,19209,T3_CF,PROG,CF,gdis,GDIS,0.31164765,0.3508313,0.3127235,0.34883655,0.7275113375113423,0.6663150760219736,-0.06119626148936874,-0.09015603716014078,False
cf_extension,19209,T3_CF,PROG,CF,transition_energy,GDIS transition energy,0.31164765,0.3508313,0.3127235,0.34883655,0.5175781270549651,0.2467939302401325,-0.27078419681483257,-0.27078419681483257,False
cf_extension,19209,T3_CF,PROG,CF,total_variance,Total variance,0.31164765,0.3508313,0.3127235,0.34883655,99.64542536274544,114.26564109831041,14.620215735564969,0.19182015544589603,True
cf_extension,19209,T3_CF,PROG,CF,mean_lag1_autocorrelation,Mean lag-1 pseudotemporal autocorrelation,0.31164765,0.3508313,0.3127235,0.34883655,-0.008366389020731361,-0.010223524747710907,-0.0018571357269795453,-0.03308741778282955,False
cf_extension,19209,T3_CF,PROG,CF,gaussian_differential_entropy,Gaussian differential entropy,0.31164765,0.3508313,0.3127235,0.34883655,75.81422384180073,78.21294366777126,2.398719825970531,0.0819781847489517,True
cf_extension,19209,T3_CF,PROG,CF,mean_step_distance,Mean pseudotemporal step distance,0.31164765,0.3508313,0.3127235,0.34883655,13.76236057958049,14.90204373061129,1.1396831510308,0.19177905157129257,True
cm_extension,18489,T3_CM,PROG,CM,gdis,GDIS,0.30592346,0.44328415,0.30571404,0.42996988,0.8057979612306052,0.8042134685959845,-0.0015844926346206822,-0.0019434789343746562,False
cm_extension,18489,T3_CM,PROG,CM,transition_energy,GDIS transition energy,0.30592346,0.44328415,0.30571404,0.42996988,0.4489144083634984,0.0434775439326061,-0.4054368644308923,-0.43122837093153565,False
cm_extension,18489,T3_CM,PROG,CM,total_variance,Total variance,0.30592346,0.44328415,0.30571404,0.42996988,102.96978350318757,211.65644794418415,108.68666444099658,0.6138954719506328,True
cm_extension,18489,T3_CM,PROG,CM,mean_lag1_autocorrelation,Mean lag-1 pseudotemporal autocorrelation,0.30592346,0.44328415,0.30571404,0.42996988,-0.0037889244153393874,0.016349989174019267,0.020138913589358653,0.2759298640194225,True
cm_extension,18489,T3_CM,PROG,CM,gaussian_differential_entropy,Gaussian differential entropy,0.30592346,0.44328415,0.30571404,0.42996988,73.243612183508,85.18638800732181,11.942775823813804,0.2973234983463167,True
cm_extension,18489,T3_CM,PROG,CM,mean_step_distance,Mean pseudotemporal step distance,0.30592346,0.44328415,0.30571404,0.42996988,13.795662594524797,19.294789217927942,5.499126623403145,0.49970889576213373,True
cm_extension,18499,T3_CM,PROG,CM,gdis,GDIS,0.28886803,0.39467457,0.29054685,0.39440016499999997,0.6194227242771667,0.8159637833381735,0.19654105906100683,0.2936991152654114,True
cm_extension,18499,T3_CM,PROG,CM,transition_energy,GDIS transition energy,0.28886803,0.39467457,0.29054685,0.39440016499999997,0.2896541810127672,0.0,-0.2896541810127672,-0.30762816762676065,False
cm_extension,18499,T3_CM,PROG,CM,total_variance,Total variance,0.28886803,0.39467457,0.29054685,0.39440016499999997,93.14412523329955,190.6259348343899,97.48180960109036,0.6305222433228789,True
cm_extension,18499,T3_CM,PROG,CM,mean_lag1_autocorrelation,Mean lag-1 pseudotemporal autocorrelation,0.28886803,0.39467457,0.29054685,0.39440016499999997,-0.006025330397252443,-0.0013389142875308419,0.004686416109721601,0.06480615214954079,True
cm_extension,18499,T3_CM,PROG,CM,gaussian_differential_entropy,Gaussian differential entropy,0.28886803,0.39467457,0.29054685,0.39440016499999997,74.8867098686057,82.14636490006554,7.259655031459829,0.19488325542500806,True
cm_extension,18499,T3_CM,PROG,CM,mean_step_distance,Mean pseudotemporal step distance,0.28886803,0.39467457,0.29054685,0.39440016499999997,13.423078424061773,18.45565089722166,5.032572473159886,0.4774635481247025,True
cm_extension,18505,T3_CM,PROG,CM,gdis,GDIS,0.31241092,0.55877495,0.313850685,0.55357921,0.8171954061209201,0.8087266069109529,-0.008468799209967237,-0.011085120602425235,False
cm_extension,18505,T3_CM,PROG,CM,transition_energy,GDIS transition energy,0.31241092,0.55877495,0.313850685,0.55357921,0.2516893176923174,0.0039135958856813,-0.2477757218066361,-0.2477757218066361,False
cm_extension,18505,T3_CM,PROG,CM,total_variance,Total variance,0.31241092,0.55877495,0.313850685,0.55357921,129.74416864791053,163.34803315414098,33.60386450623045,0.26944685447057415,True
cm_extension,18505,T3_CM,PROG,CM,mean_lag1_autocorrelation,Mean lag-1 pseudotemporal autocorrelation,0.31241092,0.55877495,0.313850685,0.55357921,0.023172241954518055,0.02191043850244172,-0.0012618034520763335,-0.02193684727328777,False
cm_extension,18505,T3_CM,PROG,CM,gaussian_differential_entropy,Gaussian differential entropy,0.31241092,0.55877495,0.313850685,0.55357921,76.44383288009936,80.1509225242761,3.707089644176733,0.10579685528293964,True
cm_extension,18505,T3_CM,PROG,CM,mean_step_distance,Mean pseudotemporal step distance,0.31241092,0.55877495,0.313850685,0.55357921,15.460873274741255,17.23050993985733,1.7696366651160762,0.2060978535754933,True
cm_extension,18508,T3_CM,PROG,CM,gdis,GDIS,0.2775967,0.6593754,0.27620829,0.6786547,0.8117872838622084,0.8083618776039556,-0.0034254062582528277,-0.004124584881365315,False
cm_extension,18508,T3_CM,PROG,CM,transition_energy,GDIS transition energy,0.2775967,0.6593754,0.27620829,0.6786547,0.1538695650633882,0.0136244763812392,-0.140245088682149,-0.140245088682149,False
cm_extension,18508,T3_CM,PROG,CM,total_variance,Total variance,0.2775967,0.6593754,0.27620829,0.6786547,100.40283938128897,148.38221593031577,47.979376549026796,0.23152598365712013,True
cm_extension,18508,T3_CM,PROG,CM,mean_lag1_autocorrelation,Mean lag-1 pseudotemporal autocorrelation,0.2775967,0.6593754,0.27620829,0.6786547,-0.01062665968889954,0.017588865820100497,0.028215525509000035,0.28301195865621787,True
cm_extension,18508,T3_CM,PROG,CM,gaussian_differential_entropy,Gaussian differential entropy,0.2775967,0.6593754,0.27620829,0.6786547,70.44433769447147,80.1581902143293,9.713852519857824,0.22332547289648433,True
cm_extension,18508,T3_CM,PROG,CM,mean_step_distance,Mean pseudotemporal step distance,0.2775967,0.6593754,0.27620829,0.6786547,13.876026811867359,16.364094814918143,2.4880680030507847,0.21484976707376985,True
cm_extension,18511,T3_CM,PROG,CM,gdis,GDIS,0.327949375,0.42686644,0.328297675,0.416084185,0.7724560367420255,0.8178513388390678,0.045395302097042345,0.05671981828933394,True
cm_extension,18511,T3_CM,PROG,CM,transition_energy,GDIS transition energy,0.327949375,0.42686644,0.328297675,0.416084185,0.3572586553071661,0.0034073931506126,-0.3538512621565535,-0.3740254672623005,False
cm_extension,18511,T3_CM,PROG,CM,total_variance,Total variance,0.327949375,0.42686644,0.328297675,0.416084185,127.61986954665188,197.1924793624149,69.57260981576302,0.4158280016671235,True
cm_extension,18511,T3_CM,PROG,CM,mean_lag1_autocorrelation,Mean lag-1 pseudotemporal autocorrelation,0.327949375,0.42686644,0.328297675,0.416084185,0.0018685157649764572,-0.002454289470155495,-0.004322805235131952,-0.06728859191859464,False
cm_extension,18511,T3_CM,PROG,CM,gaussian_differential_entropy,Gaussian differential entropy,0.327949375,0.42686644,0.328297675,0.416084185,78.3373520917953,85.5184682286117,7.181116136816399,0.17684360109844122,True
cm_extension,18511,T3_CM,PROG,CM,mean_step_distance,Mean pseudotemporal step distance,0.327949375,0.42686644,0.328297675,0.416084185,15.52045615102556,19.024870605519787,3.5044144544942277,0.3101962621900114,True
cm_extension,18517,T3_CM,PROG,CM,gdis,GDIS,0.32714881,0.46599331,0.32766841,0.473171575,0.8058699518429135,0.7965862920462525,-0.009283659796661015,-0.012789114957494345,False
cm_extension,18517,T3_CM,PROG,CM,transition_energy,GDIS transition energy,0.32714881,0.46599331,0.32766841,0.473171575,0.6449910255191356,0.0298461040741192,-0.6151449214450163,-0.6261170066547849,False
cm_extension,18517,T3_CM,PROG,CM,total_variance,Total variance,0.32714881,0.46599331,0.32766841,0.473171575,130.5541431715991,150.67064671035354,20.116503538754444,0.12354564498683289,True
cm_extension,18517,T3_CM,PROG,CM,mean_lag1_autocorrelation,Mean lag-1 pseudotemporal autocorrelation,0.32714881,0.46599331,0.32766841,0.473171575,0.009241039327741668,-0.0075776588425378625,-0.01681869817027953,-0.30672683199007006,False
cm_extension,18517,T3_CM,PROG,CM,gaussian_differential_entropy,Gaussian differential entropy,0.32714881,0.46599331,0.32766841,0.473171575,78.06650044509632,81.30794949881351,3.24144905371719,0.08395573365475983,True
cm_extension,18517,T3_CM,PROG,CM,mean_step_distance,Mean pseudotemporal step distance,0.32714881,0.46599331,0.32766841,0.473171575,15.504252802579396,16.782680565367606,1.2784277627882101,0.11753398080146411,True
cm_extension,18520,T3_CM,PROG,CM,gdis,GDIS,0.29552611,0.43657294,0.296134055,0.42608007999999997,0.769957639124613,0.8151735949555203,0.04521595583090732,0.06328498098977625,True
cm_extension,18520,T3_CM,PROG,CM,transition_energy,GDIS transition energy,0.29552611,0.43657294,0.296134055,0.42608007999999997,0.5291653489441757,0.0,-0.5291653489441757,-0.5291653489441757,False
cm_extension,18520,T3_CM,PROG,CM,total_variance,Total variance,0.29552611,0.43657294,0.296134055,0.42608007999999997,107.87652257652168,192.3855770694501,84.50905449292843,0.5291358983842863,True
cm_extension,18520,T3_CM,PROG,CM,mean_lag1_autocorrelation,Mean lag-1 pseudotemporal autocorrelation,0.29552611,0.43657294,0.296134055,0.42608007999999997,-0.014641112000921852,0.07275115426555186,0.08739226626647371,0.8713156608963621,True
cm_extension,18520,T3_CM,PROG,CM,gaussian_differential_entropy,Gaussian differential entropy,0.29552611,0.43657294,0.296134055,0.42608007999999997,74.96747917651666,84.13653137834089,9.169052201824229,0.2269182699335427,True
cm_extension,18520,T3_CM,PROG,CM,mean_step_distance,Mean pseudotemporal step distance,0.29552611,0.43657294,0.296134055,0.42608007999999997,14.46036782579403,17.456709318723213,2.996341492929183,0.3043032853769134,True
cm_extension,18855,T3_CM,PROG,CM,gdis,GDIS,0.30925772,0.40134957,0.31253857500000004,0.40127560500000004,0.8029755240683573,0.8113950039800729,0.008419479911715655,0.01448312802276575,True
cm_extension,18855,T3_CM,PROG,CM,transition_energy,GDIS transition energy,0.30925772,0.40134957,0.31253857500000004,0.40127560500000004,0.7074625366897885,0.0580847108688465,-0.6493778258209421,-0.7293692761544841,False
cm_extension,18855,T3_CM,PROG,CM,total_variance,Total variance,0.30925772,0.40134957,0.31253857500000004,0.40127560500000004,120.79103184967146,228.12445421344333,107.33342236377187,0.4792672894142767,True
cm_extension,18855,T3_CM,PROG,CM,mean_lag1_autocorrelation,Mean lag-1 pseudotemporal autocorrelation,0.30925772,0.40134957,0.31253857500000004,0.40127560500000004,0.0026454529756345085,0.0597589678717091,0.05711351489607459,0.5807610775057085,True
cm_extension,18855,T3_CM,PROG,CM,gaussian_differential_entropy,Gaussian differential entropy,0.30925772,0.40134957,0.31253857500000004,0.40127560500000004,78.35143926522447,87.49509943720497,9.1436601719805,0.2215667392145868,True
cm_extension,18855,T3_CM,PROG,CM,mean_step_distance,Mean pseudotemporal step distance,0.30925772,0.40134957,0.31253857500000004,0.40127560500000004,15.01329011478443,19.502156227441237,4.488866112656806,0.4228882082532331,True
cm_extension,18858,T3_CM,PROG,CM,gdis,GDIS,0.3146237,0.49036673,0.31385145000000003,0.48423412499999996,0.5263064976394035,0.8170920891508473,0.2907855915114438,0.4015068726905585,True
cm_extension,18858,T3_CM,PROG,CM,transition_energy,GDIS transition energy,0.3146237,0.49036673,0.31385145000000003,0.48423412499999996,0.330927821438725,0.0044293465181958,-0.3264984749205292,-0.3477879014330803,False
cm_extension,18858,T3_CM,PROG,CM,total_variance,Total variance,0.3146237,0.49036673,0.31385145000000003,0.48423412499999996,123.64390598900177,171.430478449919,47.78657246091724,0.3357722648369782,True
cm_extension,18858,T3_CM,PROG,CM,mean_lag1_autocorrelation,Mean lag-1 pseudotemporal autocorrelation,0.3146237,0.49036673,0.31385145000000003,0.48423412499999996,-0.018591268678765923,-0.0024715356918906927,0.016119732986875232,0.18750311574432532,True
cm_extension,18858,T3_CM,PROG,CM,gaussian_differential_entropy,Gaussian differential entropy,0.3146237,0.49036673,0.31385145000000003,0.48423412499999996,79.44852002493667,80.3226003301944,0.8740803052577348,0.02678283211281122,True
cm_extension,18858,T3_CM,PROG,CM,mean_step_distance,Mean pseudotemporal step distance,0.3146237,0.49036673,0.31385145000000003,0.48423412499999996,15.540284228929416,17.904190121781177,2.3639058928517613,0.2513056000263441,True
cm_extension,18870,T3_CM,PROG,CM,gdis,GDIS,0.27947646,0.35724792,0.279631065,0.35579095,0.7207494209901353,0.8145765763471854,0.09382715535705011,0.11982757766956582,True
cm_extension,18870,T3_CM,PROG,CM,transition_energy,GDIS transition energy,0.27947646,0.35724792,0.279631065,0.35579095,0.3603538819322198,0.0493465504105909,-0.3110073315216289,-0.35075483358319365,False
cm_extension,18870,T3_CM,PROG,CM,total_variance,Total variance,0.27947646,0.35724792,0.279631065,0.35579095,76.13941197415235,122.71738527888284,46.57797330473049,0.3874352634842365,True
cm_extension,18870,T3_CM,PROG,CM,mean_lag1_autocorrelation,Mean lag-1 pseudotemporal autocorrelation,0.27947646,0.35724792,0.279631065,0.35579095,-0.010603187477245741,0.024560233635128464,0.03516342111237421,0.3886535663278944,True
cm_extension,18870,T3_CM,PROG,CM,gaussian_differential_entropy,Gaussian differential entropy,0.27947646,0.35724792,0.279631065,0.35579095,68.8222740885747,74.28001196971714,5.457737881142435,0.1793039064975786,True
cm_extension,18870,T3_CM,PROG,CM,mean_step_distance,Mean pseudotemporal step distance,0.27947646,0.35724792,0.279631065,0.35579095,12.112852716987627,14.78787537198084,2.6750226549932137,0.3327841412864795,True
cm_extension,18907,T3_CM,PROG,CM,gdis,GDIS,0.313769875,0.40318394,0.31243007,0.397222,0.8093456010215152,0.8110755115744526,0.0017299105529373637,0.0023735784251560847,True
cm_extension,18907,T3_CM,PROG,CM,transition_energy,GDIS transition energy,0.313769875,0.40318394,0.31243007,0.397222,0.2776599264479874,0.0,-0.2776599264479874,-0.2955807266537582,False
cm_extension,18907,T3_CM,PROG,CM,total_variance,Total variance,0.313769875,0.40318394,0.31243007,0.397222,101.8083882739344,237.5209036003934,135.71251532645903,0.6589981175778111,True
cm_extension,18907,T3_CM,PROG,CM,mean_lag1_autocorrelation,Mean lag-1 pseudotemporal autocorrelation,0.313769875,0.40318394,0.31243007,0.397222,-0.00536326669185919,0.056902085029261376,0.06226535172112056,0.7446071843289153,True
cm_extension,18907,T3_CM,PROG,CM,gaussian_differential_entropy,Gaussian differential entropy,0.313769875,0.40318394,0.31243007,0.397222,71.93951084778556,87.23925540379514,15.299744556009585,0.37545560376039633,True
cm_extension,18907,T3_CM,PROG,CM,mean_step_distance,Mean pseudotemporal step distance,0.313769875,0.40318394,0.31243007,0.397222,13.796156527662115,19.70514316614414,5.908986638482025,0.5631111365979471,True
cm_extension,18912,T3_CM,PROG,CM,gdis,GDIS,0.3131859099999999,0.5144707,0.31393335,0.5105461,0.8108013297732356,0.8095337999818104,-0.0012675297914251926,-0.0015508378691578737,False
cm_extension,18912,T3_CM,PROG,CM,transition_energy,GDIS transition energy,0.3131859099999999,0.5144707,0.31393335,0.5105461,0.4062407128834234,0.0016398438211548,-0.4046008690622686,-0.4100478290059369,False
cm_extension,18912,T3_CM,PROG,CM,total_variance,Total variance,0.3131859099999999,0.5144707,0.31393335,0.5105461,120.2330769094034,205.15919511711974,84.92611820771634,0.47848761795093425,True
cm_extension,18912,T3_CM,PROG,CM,mean_lag1_autocorrelation,Mean lag-1 pseudotemporal autocorrelation,0.3131859099999999,0.5144707,0.31393335,0.5105461,-0.006299081965354265,0.005741121694189013,0.012040203659543277,0.22236514448186265,True
cm_extension,18912,T3_CM,PROG,CM,gaussian_differential_entropy,Gaussian differential entropy,0.3131859099999999,0.5144707,0.31393335,0.5105461,75.14363933088826,83.48879021336278,8.345150882474513,0.21405375116816971,True
cm_extension,18912,T3_CM,PROG,CM,mean_step_distance,Mean pseudotemporal step distance,0.3131859099999999,0.5144707,0.31393335,0.5105461,15.103975795806525,19.482466742656037,4.378490946849512,0.36563975249776387,True
cm_extension,19093,T3_CM,PROG,CM,gdis,GDIS,0.32352218,0.6336237849999999,0.32357687,0.6359779999999999,0.8087152087490579,0.7089383118731385,-0.0997768968759194,-0.13392314955510712,False
cm_extension,19093,T3_CM,PROG,CM,transition_energy,GDIS transition energy,0.32352218,0.6336237849999999,0.32357687,0.6359779999999999,0.4728176003877795,0.0031075026617512,-0.4697100977260283,-0.5165613323222676,False
cm_extension,19093,T3_CM,PROG,CM,total_variance,Total variance,0.32352218,0.6336237849999999,0.32357687,0.6359779999999999,112.95924919720555,134.24813483259496,21.288885635389406,0.11106194706524361,True
cm_extension,19093,T3_CM,PROG,CM,mean_lag1_autocorrelation,Mean lag-1 pseudotemporal autocorrelation,0.32352218,0.6336237849999999,0.32357687,0.6359779999999999,-0.015439608951949997,-0.007020978564922381,0.008418630387027615,0.11831669349793629,True
cm_extension,19093,T3_CM,PROG,CM,gaussian_differential_entropy,Gaussian differential entropy,0.32352218,0.6336237849999999,0.32357687,0.6359779999999999,74.44444941793924,78.76022480474785,4.31577538680861,0.10537106586379516,True
cm_extension,19093,T3_CM,PROG,CM,mean_step_distance,Mean pseudotemporal step distance,0.32352218,0.6336237849999999,0.32357687,0.6359779999999999,14.799557744261271,16.129903828116223,1.330346083854952,0.11164782233836637,True
cm_extension,19193,T3_CM,PROG,CM,gdis,GDIS,0.333821485,0.374162195,0.33395708999999996,0.37453161,0.8129583674339559,0.8217117821528815,0.008753414718925656,0.010493377393237233,True
cm_extension,19193,T3_CM,PROG,CM,transition_energy,GDIS transition energy,0.333821485,0.374162195,0.33395708999999996,0.37453161,0.5002622514071947,0.1182100482028497,-0.382052203204345,-0.382052203204345,False
cm_extension,19193,T3_CM,PROG,CM,total_variance,Total variance,0.333821485,0.374162195,0.33395708999999996,0.37453161,103.94305663918301,199.79198638187862,95.8489297426956,0.442762250231486,True
cm_extension,19193,T3_CM,PROG,CM,mean_lag1_autocorrelation,Mean lag-1 pseudotemporal autocorrelation,0.333821485,0.374162195,0.33395708999999996,0.37453161,0.010143143935739143,0.003460447094941705,-0.006682696840797438,-0.05213650650107493,False
cm_extension,19193,T3_CM,PROG,CM,gaussian_differential_entropy,Gaussian differential entropy,0.333821485,0.374162195,0.33395708999999996,0.37453161,72.62088979572108,84.69039976375075,12.069509968029664,0.3212844346209876,True
cm_extension,19193,T3_CM,PROG,CM,mean_step_distance,Mean pseudotemporal step distance,0.333821485,0.374162195,0.33395708999999996,0.37453161,13.87293431064177,19.143246907096316,5.270312596454545,0.49704244019806254,True
cm_extension,19209,T3_CM,PROG,CM,gdis,GDIS,0.31164765,0.3930151149999999,0.31040268,0.394765225,0.5631837164774451,0.8199748043340536,0.2567910878566084,0.37847948721525915,True
cm_extension,19209,T3_CM,PROG,CM,transition_energy,GDIS transition energy,0.31164765,0.3930151149999999,0.31040268,0.394765225,0.5709457710114418,0.0,-0.5709457710114418,-0.5709457710114418,False
cm_extension,19209,T3_CM,PROG,CM,total_variance,Total variance,0.31164765,0.3930151149999999,0.31040268,0.394765225,102.94384112870742,184.2728840899296,81.32904296122217,0.500420011999081,True
cm_extension,19209,T3_CM,PROG,CM,mean_lag1_autocorrelation,Mean lag-1 pseudotemporal autocorrelation,0.31164765,0.3930151149999999,0.31040268,0.394765225,-0.0012785750883840203,0.04121853388093944,0.04249710896932346,0.4318474302240458,True
cm_extension,19209,T3_CM,PROG,CM,gaussian_differential_entropy,Gaussian differential entropy,0.31164765,0.3930151149999999,0.31040268,0.394765225,76.90632378056785,82.83388658455044,5.927562803982596,0.17250959333352484,True
cm_extension,19209,T3_CM,PROG,CM,mean_step_distance,Mean pseudotemporal step distance,0.31164765,0.3930151149999999,0.31040268,0.394765225,13.957659728031219,18.036070453473567,4.078410725442348,0.43474549744399593,True
shared_backbone,18489,T2,MES,CMES,gdis,GDIS,0.0315319275,0.28783527,0.031603558000000004,0.290208385,0.7255494592248156,0.7948526398703515,0.06930318064553587,0.08470978688274251,True
shared_backbone,18489,T2,MES,CMES,transition_energy,GDIS transition energy,0.0315319275,0.28783527,0.031603558000000004,0.290208385,0.5873855585277354,0.1451502747493115,-0.4422352837784239,-0.4552701558311845,False
shared_backbone,18489,T2,MES,CMES,total_variance,Total variance,0.0315319275,0.28783527,0.031603558000000004,0.290208385,45.8853247707321,69.05999300713813,23.174668236406035,0.44458917283095756,True
shared_backbone,18489,T2,MES,CMES,mean_lag1_autocorrelation,Mean lag-1 pseudotemporal autocorrelation,0.0315319275,0.28783527,0.031603558000000004,0.290208385,-0.01249657971983423,-0.0017650129071844647,0.010731566812649765,0.13578509766100433,True
shared_backbone,18489,T2,MES,CMES,gaussian_differential_entropy,Gaussian differential entropy,0.0315319275,0.28783527,0.031603558000000004,0.290208385,48.51016352176695,63.64112445037593,15.130960928608985,0.6649861676756859,True
shared_backbone,18489,T2,MES,CMES,mean_step_distance,Mean pseudotemporal step distance,0.0315319275,0.28783527,0.031603558000000004,0.290208385,9.431345498049499,11.369245584959554,1.937900086910055,0.5328958259977877,True
shared_backbone,18499,T2,MES,CMES,gdis,GDIS,0.05799054,0.23174533,0.0580239595,0.23346748,0.7398913868148557,0.712741391203393,-0.027149995611462696,-0.03519615865195486,False
shared_backbone,18499,T2,MES,CMES,transition_energy,GDIS transition energy,0.05799054,0.23174533,0.0580239595,0.23346748,0.6006297551113917,0.0629002285428391,-0.5377295265685527,-0.5626036170161259,False
shared_backbone,18499,T2,MES,CMES,total_variance,Total variance,0.05799054,0.23174533,0.0580239595,0.23346748,41.24735262517315,70.95041541128448,29.70306278611133,0.3683480558718882,True
shared_backbone,18499,T2,MES,CMES,mean_lag1_autocorrelation,Mean lag-1 pseudotemporal autocorrelation,0.05799054,0.23174533,0.0580239595,0.23346748,0.00950537870941309,0.0020963150964346863,-0.007409063612978405,-0.09821439424912527,False
shared_backbone,18499,T2,MES,CMES,gaussian_differential_entropy,Gaussian differential entropy,0.05799054,0.23174533,0.0580239595,0.23346748,49.158086215767455,68.49071705020847,19.33263083444102,0.6007187958590047,True
shared_backbone,18499,T2,MES,CMES,mean_step_distance,Mean pseudotemporal step distance,0.05799054,0.23174533,0.0580239595,0.23346748,8.764036484382306,11.62935211373584,2.8653156293535336,0.4664607525357129,True
shared_backbone,18505,T2,MES,CMES,gdis,GDIS,0.05144926,0.2689006,0.0519555335,0.27107464000000003,0.7472007761156011,0.8120790007023015,0.06487822458670045,0.07937011325907482,True
shared_backbone,18505,T2,MES,CMES,transition_energy,GDIS transition energy,0.05144926,0.2689006,0.0519555335,0.27107464000000003,0.3393087579034147,0.2821010210296106,-0.057207736873804094,-0.057207736873804094,False
shared_backbone,18505,T2,MES,CMES,total_variance,Total variance,0.05144926,0.2689006,0.0519555335,0.27107464000000003,52.20701094067899,101.69084880519796,49.48383786451897,0.4761851171183433,True
shared_backbone,18505,T2,MES,CMES,mean_lag1_autocorrelation,Mean lag-1 pseudotemporal autocorrelation,0.05144926,0.2689006,0.0519555335,0.27107464000000003,-0.0070571135619066,-0.017577193913890187,-0.010520080351983587,-0.1908503848161644,False
shared_backbone,18505,T2,MES,CMES,gaussian_differential_entropy,Gaussian differential entropy,0.05144926,0.2689006,0.0519555335,0.27107464000000003,49.397201030964624,69.4117718208736,20.014570789908973,0.6338512360927017,True
shared_backbone,18505,T2,MES,CMES,mean_step_distance,Mean pseudotemporal step distance,0.05144926,0.2689006,0.0519555335,0.27107464000000003,9.926919428098843,13.995924311674738,4.069004883575895,0.5335873373342804,True
shared_backbone,18508,T2,MES,CMES,gdis,GDIS,0.065810025,0.325505585,0.061912874,0.32584073999999996,0.7824570363812005,0.8177174649406694,0.03526042855946898,0.0420580398649461,True
shared_backbone,18508,T2,MES,CMES,transition_energy,GDIS transition energy,0.065810025,0.325505585,0.061912874,0.32584073999999996,0.3996452870100246,0.2903462624410605,-0.10929902456896412,-0.11154195478861392,False
shared_backbone,18508,T2,MES,CMES,total_variance,Total variance,0.065810025,0.325505585,0.061912874,0.32584073999999996,57.0018809247188,92.55195501434977,35.550074089630975,0.42688167345060013,True
shared_backbone,18508,T2,MES,CMES,mean_lag1_autocorrelation,Mean lag-1 pseudotemporal autocorrelation,0.065810025,0.325505585,0.061912874,0.32584073999999996,0.011970780937555532,0.019810416308992204,0.007839635371436672,0.11701344070376118,True
shared_backbone,18508,T2,MES,CMES,gaussian_differential_entropy,Gaussian differential entropy,0.065810025,0.325505585,0.061912874,0.32584073999999996,57.0105532256756,69.05156575721116,12.041012531535564,0.39638636790358794,True
shared_backbone,18508,T2,MES,CMES,mean_step_distance,Mean pseudotemporal step distance,0.065810025,0.325505585,0.061912874,0.32584073999999996,10.224704543491725,13.066297399461975,2.8415928559702497,0.47192780474189094,True
shared_backbone,18511,T2,MES,CMES,gdis,GDIS,0.04391705,0.26849953,0.043911335999999995,0.26497455000000003,0.7580138620350413,0.8073918867618222,0.04937802472678088,0.06260767361081,True
shared_backbone,18511,T2,MES,CMES,transition_energy,GDIS transition energy,0.04391705,0.26849953,0.043911335999999995,0.26497455000000003,0.3351899095108672,0.059339782512148,-0.2758501269987192,-0.29354423215028963,False
shared_backbone,18511,T2,MES,CMES,total_variance,Total variance,0.04391705,0.26849953,0.043911335999999995,0.26497455000000003,48.671668563899594,106.8213180626495,58.1496494987499,0.5953605466878379,True
shared_backbone,18511,T2,MES,CMES,mean_lag1_autocorrelation,Mean lag-1 pseudotemporal autocorrelation,0.04391705,0.26849953,0.043911335999999995,0.26497455000000003,0.009184022216814526,0.007022854488741299,-0.002161167728073227,-0.053335353201504496,False
shared_backbone,18511,T2,MES,CMES,gaussian_differential_entropy,Gaussian differential entropy,0.04391705,0.26849953,0.043911335999999995,0.26497455000000003,49.17242387337506,73.24986803531507,24.077444161940015,0.7010690077476402,True
shared_backbone,18511,T2,MES,CMES,mean_step_distance,Mean pseudotemporal step distance,0.04391705,0.26849953,0.043911335999999995,0.26497455000000003,9.5127373211742,14.200882174485002,4.688144853310803,0.6286682938914568,True
shared_backbone,18517,T2,MES,CMES,gdis,GDIS,0.033099593,0.27856214,0.0330389495,0.28310324,0.7412021665580732,0.8087377657997727,0.0675355992416995,0.08469947094889056,True
shared_backbone,18517,T2,MES,CMES,transition_energy,GDIS transition energy,0.033099593,0.27856214,0.0330389495,0.28310324,0.969462598567301,0.2473574117137707,-0.7221051868535303,-0.7332221895202738,False
shared_backbone,18517,T2,MES,CMES,total_variance,Total variance,0.033099593,0.27856214,0.0330389495,0.28310324,43.740091634119146,91.44922022745455,47.7091285933354,0.5893404452947832,True
shared_backbone,18517,T2,MES,CMES,mean_lag1_autocorrelation,Mean lag-1 pseudotemporal autocorrelation,0.033099593,0.27856214,0.0330389495,0.28310324,-0.0003041283217020327,0.010977743354358057,0.011281871676060089,0.2443520988824076,True
shared_backbone,18517,T2,MES,CMES,gaussian_differential_entropy,Gaussian differential entropy,0.033099593,0.27856214,0.0330389495,0.28310324,47.369520968571045,71.33250047789743,23.96297950932638,0.7807286554608046,True
shared_backbone,18517,T2,MES,CMES,mean_step_distance,Mean pseudotemporal step distance,0.033099593,0.27856214,0.0330389495,0.28310324,9.035658763628664,13.011120873063353,3.975462109434689,0.642573226691232,True
shared_backbone,18520,T2,MES,CMES,gdis,GDIS,0.0569987335,0.29993442,0.0581018905,0.30072275000000004,0.6407642565982523,0.8001324481162226,0.15936819151797033,0.2315268619282684,True
shared_backbone,18520,T2,MES,CMES,transition_energy,GDIS transition energy,0.0569987335,0.29993442,0.0581018905,0.30072275000000004,0.5329659592510558,0.4311820829001374,-0.10178387635091846,-0.10228081963814653,False
shared_backbone,18520,T2,MES,CMES,total_variance,Total variance,0.0569987335,0.29993442,0.0581018905,0.30072275000000004,39.386724949358474,107.43533415525738,68.04860920589891,0.6382893913934258,True
shared_backbone,18520,T2,MES,CMES,mean_lag1_autocorrelation,Mean lag-1 pseudotemporal autocorrelation,0.0569987335,0.29993442,0.0581018905,0.30072275000000004,0.0049154440506474694,0.005050843280554776,0.00013539922990730632,0.001644298010667976,True
shared_backbone,18520,T2,MES,CMES,gaussian_differential_entropy,Gaussian differential entropy,0.0569987335,0.29993442,0.0581018905,0.30072275000000004,48.613426203990045,72.94364268366712,24.330216479677077,0.7075402674184051,True
shared_backbone,18520,T2,MES,CMES,mean_step_distance,Mean pseudotemporal step distance,0.0569987335,0.29993442,0.0581018905,0.30072275000000004,8.63226885912822,14.23334277469866,5.6010739155704385,0.7490285467939102,True
shared_backbone,18855,T2,MES,CMES,gdis,GDIS,0.0412130074999999,0.3059474,0.041599739999999996,0.30908141499999997,0.7572486777206604,0.8111855897924671,0.05393691207180673,0.13005747769177262,True
shared_backbone,18855,T2,MES,CMES,transition_energy,GDIS transition energy,0.0412130074999999,0.3059474,0.041599739999999996,0.30908141499999997,0.4696921191747615,0.5020948157233935,0.03240269654863204,0.03655396773559184,True
shared_backbone,18855,T2,MES,CMES,total_variance,Total variance,0.0412130074999999,0.3059474,0.041599739999999996,0.30908141499999997,48.53316617925199,107.92220179657124,59.38903561731925,0.697579158924232,True
shared_backbone,18855,T2,MES,CMES,mean_lag1_autocorrelation,Mean lag-1 pseudotemporal autocorrelation,0.0412130074999999,0.3059474,0.041599739999999996,0.30908141499999997,0.01546949792126095,-0.005186993078917712,-0.02065649100017866,-0.3338990614047052,False
shared_backbone,18855,T2,MES,CMES,gaussian_differential_entropy,Gaussian differential entropy,0.0412130074999999,0.3059474,0.041599739999999996,0.30908141499999997,48.23183397995315,75.43592971433479,27.20409573438164,0.9575442042029401,True
shared_backbone,18855,T2,MES,CMES,mean_step_distance,Mean pseudotemporal step distance,0.0412130074999999,0.3059474,0.041599739999999996,0.30908141499999997,9.491516783213926,14.279767453748267,4.788250670534341,0.7589110899633739,True
shared_backbone,18858,T2,MES,CMES,gdis,GDIS,0.038656299,0.27102716,0.039061184,0.270724425,0.7244320200101038,0.7900555980101612,0.06562357800005747,0.08677717078049013,True
shared_backbone,18858,T2,MES,CMES,transition_energy,GDIS transition energy,0.038656299,0.27102716,0.039061184,0.270724425,0.5027230019990478,0.1261857229299752,-0.37653727906907264,-0.4137403103975927,False
shared_backbone,18858,T2,MES,CMES,total_variance,Total variance,0.038656299,0.27102716,0.039061184,0.270724425,45.803725169347146,104.836623821908,59.03289865256086,0.6183138356385539,True
shared_backbone,18858,T2,MES,CMES,mean_lag1_autocorrelation,Mean lag-1 pseudotemporal autocorrelation,0.038656299,0.27102716,0.039061184,0.270724425,-0.018730857061591454,0.004088632206724863,0.02281948926831632,0.35867803037027984,True
shared_backbone,18858,T2,MES,CMES,gaussian_differential_entropy,Gaussian differential entropy,0.038656299,0.27102716,0.039061184,0.270724425,49.84350398146347,75.65307306674048,25.809569085277005,0.8634932837498224,True
shared_backbone,18858,T2,MES,CMES,mean_step_distance,Mean pseudotemporal step distance,0.038656299,0.27102716,0.039061184,0.270724425,9.450230444620628,14.062436450928406,4.612206006307778,0.6313828010391719,True
shared_backbone,18870,T2,MES,CMES,gdis,GDIS,0.06660028,0.25883543,0.0657760825,0.26035434,0.791514167022942,0.7472030943003533,-0.04431107272258872,-0.05725016019766198,False
shared_backbone,18870,T2,MES,CMES,transition_energy,GDIS transition energy,0.06660028,0.25883543,0.0657760825,0.26035434,0.4139789679495398,0.2603284666098071,-0.15365050133973274,-0.17085911983008384,False
shared_backbone,18870,T2,MES,CMES,total_variance,Total variance,0.06660028,0.25883543,0.0657760825,0.26035434,50.23194739226872,71.21039432660434,20.978446934335622,0.3398508999831549,True
shared_backbone,18870,T2,MES,CMES,mean_lag1_autocorrelation,Mean lag-1 pseudotemporal autocorrelation,0.06660028,0.25883543,0.0657760825,0.26035434,-1.9590278793707867e-05,-0.021200181207443207,-0.0211805909286495,-0.33368249283817575,False
shared_backbone,18870,T2,MES,CMES,gaussian_differential_entropy,Gaussian differential entropy,0.06660028,0.25883543,0.0657760825,0.26035434,53.24276872007144,68.83380000813024,15.591031288058801,0.6535183316879242,True
shared_backbone,18870,T2,MES,CMES,mean_step_distance,Mean pseudotemporal step distance,0.06660028,0.25883543,0.0657760825,0.26035434,9.732333942556108,11.808712388024993,2.076378445468885,0.3758559140940275,True
shared_backbone,18907,T2,MES,CMES,gdis,GDIS,0.031076798,0.30431904,0.031848568,0.3034812,0.597751506865936,0.8052866346297228,0.2075351277637868,0.33775290933436014,True
shared_backbone,18907,T2,MES,CMES,transition_energy,GDIS transition energy,0.031076798,0.30431904,0.031848568,0.3034812,0.6419566775380936,0.3954594499366949,-0.2464972276013987,-0.285494646541481,False
shared_backbone,18907,T2,MES,CMES,total_variance,Total variance,0.031076798,0.30431904,0.031848568,0.3034812,48.46710539022468,94.46522664803489,45.998121257810205,0.5165490250166728,True
shared_backbone,18907,T2,MES,CMES,mean_lag1_autocorrelation,Mean lag-1 pseudotemporal autocorrelation,0.031076798,0.30431904,0.031848568,0.3034812,-0.00795622928328758,-0.010658203499387522,-0.002701974216099943,-0.024798449011316913,False
shared_backbone,18907,T2,MES,CMES,gaussian_differential_entropy,Gaussian differential entropy,0.031076798,0.30431904,0.031848568,0.3034812,48.693493567020965,69.86320092597545,21.169707358954483,0.7462613253530433,True
shared_backbone,18907,T2,MES,CMES,mean_step_distance,Mean pseudotemporal step distance,0.031076798,0.30431904,0.031848568,0.3034812,9.647506075873114,13.39770916218258,3.7502030863094653,0.6748644279244349,True
shared_backbone,18912,T2,MES,CMES,gdis,GDIS,0.0413723119999999,0.31262648,0.041798345,0.312446935,0.7666347720272749,0.8200682659089922,0.05343349388171725,0.06327859037151475,True
shared_backbone,18912,T2,MES,CMES,transition_energy,GDIS transition energy,0.0413723119999999,0.31262648,0.041798345,0.312446935,0.9522829782933928,0.1340625334576148,-0.818220444835778,-0.8211687541788485,False
shared_backbone,18912,T2,MES,CMES,total_variance,Total variance,0.0413723119999999,0.31262648,0.041798345,0.312446935,46.01823172761582,112.44309668644948,66.42486495883367,0.7371567983113282,True
shared_backbone,18912,T2,MES,CMES,mean_lag1_autocorrelation,Mean lag-1 pseudotemporal autocorrelation,0.0413723119999999,0.31262648,0.041798345,0.312446935,-0.0034284511289231346,0.008562767072575693,0.011991218201498828,0.20990366742756372,True
shared_backbone,18912,T2,MES,CMES,gaussian_differential_entropy,Gaussian differential entropy,0.0413723119999999,0.31262648,0.041798345,0.312446935,48.304036648809465,72.12766569402928,23.82362904521981,0.7335738370591169,True
shared_backbone,18912,T2,MES,CMES,mean_step_distance,Mean pseudotemporal step distance,0.0413723119999999,0.31262648,0.041798345,0.312446935,9.213675959948294,14.439341939689468,5.225665979741175,0.7515424036737732,True
shared_backbone,19093,T2,MES,CMES,gdis,GDIS,0.0534829535,0.31081943,0.0537951755,0.31013788,0.3291242577195684,0.8133664985337239,0.4842422408141555,0.6082553552248339,True
shared_backbone,19093,T2,MES,CMES,transition_energy,GDIS transition energy,0.0534829535,0.31081943,0.0537951755,0.31013788,0.5044499513180988,0.1044329508926484,-0.4000170004254504,-0.4632959787430392,False
shared_backbone,19093,T2,MES,CMES,total_variance,Total variance,0.0534829535,0.31081943,0.0537951755,0.31013788,41.30362455070196,104.52620869387532,63.22258414317336,0.7967655070138695,True
shared_backbone,19093,T2,MES,CMES,mean_lag1_autocorrelation,Mean lag-1 pseudotemporal autocorrelation,0.0534829535,0.31081943,0.0537951755,0.31013788,0.011404562721352771,-0.014018804347507734,-0.025423367068860503,-0.3573038120080646,False
shared_backbone,19093,T2,MES,CMES,gaussian_differential_entropy,Gaussian differential entropy,0.0534829535,0.31081943,0.0537951755,0.31013788,49.122443973870624,73.0277758270915,23.90533185322088,0.7404181856791666,True
shared_backbone,19093,T2,MES,CMES,mean_step_distance,Mean pseudotemporal step distance,0.0534829535,0.31081943,0.0537951755,0.31013788,8.83217970810355,14.165328554492394,5.333148846388845,0.8802440707429686,True
shared_backbone,19108,T2,MES,CMES,gdis,GDIS,0.050665893,0.293644,0.0502709165,0.29461435,0.8037482901398516,0.1114826643427977,-0.6922656257970539,-0.8538844513712135,False
shared_backbone,19108,T2,MES,CMES,transition_energy,GDIS transition energy,0.050665893,0.293644,0.0502709165,0.29461435,0.4074464948951979,0.0,-0.4074464948951979,-0.4901251785679731,False
shared_backbone,19108,T2,MES,CMES,total_variance,Total variance,0.050665893,0.293644,0.0502709165,0.29461435,56.964725689260035,84.33478865213188,27.37006296287184,0.7243482551931457,True
shared_backbone,19108,T2,MES,CMES,mean_lag1_autocorrelation,Mean lag-1 pseudotemporal autocorrelation,0.050665893,0.293644,0.0502709165,0.29461435,0.00684580238169201,0.023836381992146164,0.016990579610454155,0.25514837177828315,True
shared_backbone,19108,T2,MES,CMES,gaussian_differential_entropy,Gaussian differential entropy,0.050665893,0.293644,0.0502709165,0.29461435,51.82396352744897,70.27547704922041,18.451513521771446,0.8027252028088642,True
shared_backbone,19108,T2,MES,CMES,mean_step_distance,Mean pseudotemporal step distance,0.050665893,0.293644,0.0502709165,0.29461435,10.333401821674864,12.285114570245586,1.9517127485707224,0.682879426197266,True
shared_backbone,19127,T2,MES,CMES,gdis,GDIS,0.0392021715,0.30796184,0.03954296,0.305077615,0.8046938876872202,0.7661023738297226,-0.038591513857497595,-0.04653931856069219,False
shared_backbone,19127,T2,MES,CMES,transition_energy,GDIS transition energy,0.0392021715,0.30796184,0.03954296,0.305077615,0.6339159950455735,0.2091274804073092,-0.4247885146382643,-0.516379687342553,False
shared_backbone,19127,T2,MES,CMES,total_variance,Total variance,0.0392021715,0.30796184,0.03954296,0.305077615,52.97966171821155,72.2586398627188,19.278978144507242,0.35952189856033245,True
shared_backbone,19127,T2,MES,CMES,mean_lag1_autocorrelation,Mean lag-1 pseudotemporal autocorrelation,0.0392021715,0.30796184,0.03954296,0.305077615,-0.008470346594498742,-0.007139196988660512,0.0013311496058382296,0.019797536569999188,True
shared_backbone,19127,T2,MES,CMES,gaussian_differential_entropy,Gaussian differential entropy,0.0392021715,0.30796184,0.03954296,0.305077615,48.890817619753506,66.72028890981508,17.829471290061576,0.7713386771824869,True
shared_backbone,19127,T2,MES,CMES,mean_step_distance,Mean pseudotemporal step distance,0.0392021715,0.30796184,0.03954296,0.305077615,10.047120409308798,11.803522372997222,1.7564019636884236,0.4051364703027068,True
shared_backbone,19159,T2,MES,CMES,gdis,GDIS,0.027495997,0.33477678,0.0277529365,0.33418033999999996,0.739683966774467,0.7748737625263931,0.035189795751926045,0.06964994583737603,True
shared_backbone,19159,T2,MES,CMES,transition_energy,GDIS transition energy,0.027495997,0.33477678,0.0277529365,0.33418033999999996,0.3607833892208038,0.1093561077229817,-0.25142728149782206,-0.25142728149782206,False
shared_backbone,19159,T2,MES,CMES,total_variance,Total variance,0.027495997,0.33477678,0.0277529365,0.33418033999999996,46.7251702445014,79.15560656903392,32.43043632453252,0.5178937240342852,True
shared_backbone,19159,T2,MES,CMES,mean_lag1_autocorrelation,Mean lag-1 pseudotemporal autocorrelation,0.027495997,0.33477678,0.0277529365,0.33418033999999996,-0.007928754907266687,0.029131851027627043,0.03706060593489373,0.2540567216533714,True
shared_backbone,19159,T2,MES,CMES,gaussian_differential_entropy,Gaussian differential entropy,0.027495997,0.33477678,0.0277529365,0.33418033999999996,49.49986761963081,69.01686866498095,19.517001045350135,0.6319551962099618,True
shared_backbone,19159,T2,MES,CMES,mean_step_distance,Mean pseudotemporal step distance,0.027495997,0.33477678,0.0277529365,0.33418033999999996,9.4504102758787,12.11974544692037,2.66933517104167,0.49973478662372095,True
shared_backbone,19190,T2,MES,CMES,gdis,GDIS,0.041906796,0.31270877,0.042281473,0.31433254,0.7905556108152695,0.8010909788970819,0.010535368081812435,0.014634540992289714,True
shared_backbone,19190,T2,MES,CMES,transition_energy,GDIS transition energy,0.041906796,0.31270877,0.042281473,0.31433254,0.7960929439356372,0.1725307481979991,-0.6235621957376382,-0.6294409103294871,False
shared_backbone,19190,T2,MES,CMES,total_variance,Total variance,0.041906796,0.31270877,0.042281473,0.31433254,52.20469406928398,79.2064427724332,27.001748703149225,0.5571289890053435,True
shared_backbone,19190,T2,MES,CMES,mean_lag1_autocorrelation,Mean lag-1 pseudotemporal autocorrelation,0.041906796,0.31270877,0.042281473,0.31433254,-0.0038467609995910513,0.002259691473146577,0.006106452472737629,0.12096727206472836,True
shared_backbone,19190,T2,MES,CMES,gaussian_differential_entropy,Gaussian differential entropy,0.041906796,0.31270877,0.042281473,0.31433254,48.82802844524875,69.20111541824089,20.37308697299214,0.9039152941644722,True
shared_backbone,19190,T2,MES,CMES,mean_step_distance,Mean pseudotemporal step distance,0.041906796,0.31270877,0.042281473,0.31433254,10.053363530439483,12.288054133212597,2.2346906027731137,0.5399112964455177,True
shared_backbone,19193,T2,MES,CMES,gdis,GDIS,0.033076502,0.32815273,0.0326005385,0.32809238,0.730507373764579,0.80042243348399,0.06991505971941103,0.08993192639068623,True
shared_backbone,19193,T2,MES,CMES,transition_energy,GDIS transition energy,0.033076502,0.32815273,0.0326005385,0.32809238,0.1718033346870092,0.2743569094831335,0.10255357479612431,0.12919824890708462,True
shared_backbone,19193,T2,MES,CMES,total_variance,Total variance,0.033076502,0.32815273,0.0326005385,0.32809238,51.10586196005179,93.45851216258015,42.35265020252836,0.6962150458773171,True
shared_backbone,19193,T2,MES,CMES,mean_lag1_autocorrelation,Mean lag-1 pseudotemporal autocorrelation,0.033076502,0.32815273,0.0326005385,0.32809238,0.012988758994345866,-0.007026296221677577,-0.020015055216023443,-0.21490503859810725,False
shared_backbone,19193,T2,MES,CMES,gaussian_differential_entropy,Gaussian differential entropy,0.033076502,0.32815273,0.0326005385,0.32809238,51.62569456542257,70.84752022904655,19.22182566362398,0.7461083987005508,True
shared_backbone,19193,T2,MES,CMES,mean_step_distance,Mean pseudotemporal step distance,0.033076502,0.32815273,0.0326005385,0.32809238,9.804693352578392,13.439132979486597,3.6344396269082058,0.794614483997205,True
shared_backbone,19209,T2,MES,CMES,gdis,GDIS,0.069370658,0.2835148,0.068148055,0.28262767,0.7480905316187683,0.7854488275203013,0.037358295901533056,0.05407371803647865,True
shared_backbone,19209,T2,MES,CMES,transition_energy,GDIS transition energy,0.069370658,0.2835148,0.068148055,0.28262767,0.3223784117527283,0.446929725199759,0.12455131344703069,0.12455131344703069,True
shared_backbone,19209,T2,MES,CMES,total_variance,Total variance,0.069370658,0.2835148,0.068148055,0.28262767,54.229585360760815,87.49365870619974,33.26407334543892,0.4378236019640295,True
shared_backbone,19209,T2,MES,CMES,mean_lag1_autocorrelation,Mean lag-1 pseudotemporal autocorrelation,0.069370658,0.2835148,0.068148055,0.28262767,0.008082866511831587,0.003463482570766513,-0.004619383941065074,-0.08341745086970574,False
shared_backbone,19209,T2,MES,CMES,gaussian_differential_entropy,Gaussian differential entropy,0.069370658,0.2835148,0.068148055,0.28262767,52.57320507818532,72.97677074257548,20.403565664390165,0.7040863563754163,True
shared_backbone,19209,T2,MES,CMES,mean_step_distance,Mean pseudotemporal step distance,0.069370658,0.2835148,0.068148055,0.28262767,10.041059769949085,12.836770947343387,2.7957111773943026,0.4753751265748802,True
