relative_path,size_bytes
p2_preflight_report_v2.txt,7977
p10_conventional_ews_benchmark/p10_conventional_ews_benchmark_report.txt,23201
p10_conventional_ews_benchmark/figures/01_benchmark_profiles_branch0_diff1.png,477774
p10_conventional_ews_benchmark/figures/02_benchmark_profiles_branch0_diff2.png,466216
p10_conventional_ews_benchmark/figures/03_benchmark_profiles_branch1_diff1.png,474752
p10_conventional_ews_benchmark/figures/04_benchmark_profiles_branch1_diff2.png,511342
p10_conventional_ews_benchmark/figures/05_peak_localization_error_summary.png,196031
p10_conventional_ews_benchmark/tables/01_all_metric_profiles.csv,40707
p10_conventional_ews_benchmark/tables/02_peak_localization_benchmark.csv,4231
p10_conventional_ews_benchmark/tables/03_progenitor_to_early_change.csv,3428
p10_conventional_ews_benchmark/tables/04_cross_replicate_metric_agreement.csv,1870
p10_conventional_ews_benchmark/tables/05_integrated_benchmark_summary.csv,1434
p10_conventional_ews_benchmark/tables/06_branch_consensus_peak_benchmark.csv,2011
p11_statistical_alignment_null_validation/p11_statistical_alignment_null_validation_report.txt,11115
p11_statistical_alignment_null_validation/figures/01_observed_vs_null_localization_error.png,187795
p11_statistical_alignment_null_validation/tables/01_circular_shift_alignment_null_tests.csv,3141
p11_statistical_alignment_null_validation/tables/02_replicate_correlation_null_tests.csv,2202
p11_statistical_alignment_null_validation/tables/03_group_localization_errors.csv,1089
p11_statistical_alignment_null_validation/tables/04_exact_gdis_vs_baseline_localization_tests.csv,841
p11_statistical_alignment_null_validation/tables/05_signed_peak_position_tests.csv,1211
p12_external_GSE175634_download_preflight/p12_external_GSE175634_download_preflight_report.txt,7982
p12_external_GSE175634_download_preflight/tables/01_download_manifest.csv,1454
p12_external_GSE175634_download_preflight/tables/02_cell_type_by_diffday_counts.csv,276
p12_external_GSE175634_download_preflight/tables/03_cells_by_individual.csv,243
p12_external_GSE175634_download_preflight/tables/04_collection_metadata_parsed.csv,13264
p12_external_GSE175634_download_preflight/tables/05_experimental_design_parsed.csv,3497
p13_external_GSE175634_trajectory_characterization/p13_external_GSE175634_trajectory_characterization_report.txt,15974
p13_external_GSE175634_trajectory_characterization/figures/01_cell_type_by_day_heatmap.png,99648
p13_external_GSE175634_trajectory_characterization/figures/02_pseudotime_by_cell_type.png,84061
p13_external_GSE175634_trajectory_characterization/figures/03_day_vs_pseudotime_median.png,122324
p13_external_GSE175634_trajectory_characterization/figures/04_individual_state_pseudotime_profiles.png,526341
p13_external_GSE175634_trajectory_characterization/tables/01_pseudotime_summary_by_type.csv,791
p13_external_GSE175634_trajectory_characterization/tables/02_pseudotime_summary_by_day.csv,974
p13_external_GSE175634_trajectory_characterization/tables/03_individual_state_cell_counts.csv,1833
p13_external_GSE175634_trajectory_characterization/tables/04_individual_pseudotime_day_agreement.csv,1644
p13_external_GSE175634_trajectory_characterization/tables/05_individual_state_pseudotime_summary.csv,12402
p13_external_GSE175634_trajectory_characterization/tables/06_individual_state_profile_agreement.csv,1143
p14_external_GSE175634_design_freeze/p14_external_GSE175634_design_freeze_report.txt,11050
p14_external_GSE175634_design_freeze/figures/01_individual_state_coverage.png,155871
p14_external_GSE175634_design_freeze/figures/02_frozen_state_landmarks_by_individual.png,449671
p14_external_GSE175634_design_freeze/tables/01_frozen_individual_eligibility.csv,1843
p14_external_GSE175634_design_freeze/tables/02_frozen_cell_inclusion_flags.csv.gz,2430782
p14_external_GSE175634_design_freeze/tables/03_frozen_state_landmarks_by_individual.csv,8708
p14_external_GSE175634_design_freeze/tables/04_frozen_global_state_landmarks.csv,644
p14_external_GSE175634_design_freeze/tables/05_prespecified_biological_transitions.csv,951
p14_external_GSE175634_design_freeze/tables/06_individual_frozen_sequence_monotonicity.csv,525
p15_external_GSE175634_preprocessing_state_space/p15_external_GSE175634_preprocessing_state_space_report.txt,5357
p15_external_GSE175634_preprocessing_state_space/data/external_state_space_pca50_compact.h5ad,119769901
p15_external_GSE175634_preprocessing_state_space/data/external_state_space_pca_10.csv.gz,16694656
p15_external_GSE175634_preprocessing_state_space/data/external_state_space_pca_20.csv.gz,27219021
p15_external_GSE175634_preprocessing_state_space/data/external_state_space_pca_30.csv.gz,37652448
p15_external_GSE175634_preprocessing_state_space/data/external_state_space_pca_5.csv.gz,11348220
p15_external_GSE175634_preprocessing_state_space/data/external_state_space_pca_50.csv.gz,58365566
p15_external_GSE175634_preprocessing_state_space/figures/01_pca_cumulative_explained_variance.png,127741
p15_external_GSE175634_preprocessing_state_space/figures/02_pc1_pc2_state_centroids.png,74358
p15_external_GSE175634_preprocessing_state_space/tables/01_state_space_population_by_type_individual.csv,1627
p15_external_GSE175634_preprocessing_state_space/tables/02_raw_cell_qc.csv.gz,5432346
p15_external_GSE175634_preprocessing_state_space/tables/03_raw_qc_summary_by_type.csv,316
p15_external_GSE175634_preprocessing_state_space/tables/04_batch_aware_hvg_2000.csv,158276
p15_external_GSE175634_preprocessing_state_space/tables/05_hvg_batch_support_distribution.csv,116
p15_external_GSE175634_preprocessing_state_space/tables/06_pca_explained_variance.csv,3176
p15_external_GSE175634_preprocessing_state_space/tables/07_pca_cumulative_variance_key_dimensions.csv,145
p15_external_GSE175634_preprocessing_state_space/tables/08_state_median_centroids_50pc.csv,3780
p15_external_GSE175634_preprocessing_state_space/tables/09_individual_state_median_centroids_50pc.csv,61308
p16_external_GSE175634_state_space_geometry_validation/p16_external_GSE175634_state_space_geometry_validation_report.txt,10215
p16_external_GSE175634_state_space_geometry_validation/figures/01_distance_cv_by_dimension.png,114869
p16_external_GSE175634_state_space_geometry_validation/figures/02_neighbor_overlap_vs_50pc.png,125334
p16_external_GSE175634_state_space_geometry_validation/figures/03_core_state_generalization_by_dimension.png,105635
p16_external_GSE175634_state_space_geometry_validation/figures/04_state_separation_ratio_by_dimension.png,116918
p16_external_GSE175634_state_space_geometry_validation/tables/01_random_pair_distance_summary.csv,739
p16_external_GSE175634_state_space_geometry_validation/tables/02_distance_convergence_to_50pc.csv,145
p16_external_GSE175634_state_space_geometry_validation/tables/03_adjacent_dimension_distance_convergence.csv,160
p16_external_GSE175634_state_space_geometry_validation/tables/04_local_knn_geometry_by_dimension.csv,790
p16_external_GSE175634_state_space_geometry_validation/tables/05_neighbor_overlap_to_50pc.csv,129
p16_external_GSE175634_state_space_geometry_validation/tables/06_adjacent_dimension_neighbor_overlap.csv,148
p16_external_GSE175634_state_space_geometry_validation/tables/07_individual_state_centroids_50pc.csv,61308
p16_external_GSE175634_state_space_geometry_validation/tables/08_centroid_geometry_by_dimension.csv,278
p16_external_GSE175634_state_space_geometry_validation/tables/09_core_state_loio_classification_by_dimension.csv,287
p16_external_GSE175634_state_space_geometry_validation/tables/10_core_state_loio_classification_by_individual.csv,1465
p16_external_GSE175634_state_space_geometry_validation/tables/11_transition_vector_direction_consistency.csv,2128
p16_external_GSE175634_state_space_geometry_validation/tables/12_reference_50pc_qualification.csv,477
p17b_external_GSE175634_transition_evaluability_freeze/p17b_external_GSE175634_transition_evaluability_freeze_report.txt,4582
p17b_external_GSE175634_transition_evaluability_freeze/tables/01_transition_evaluability_all_configs.csv,17398
p17b_external_GSE175634_transition_evaluability_freeze/tables/02_final_primary_gdis_groups.csv,5865
p17b_external_GSE175634_transition_evaluability_freeze/tables/03_excluded_primary_groups.csv,459
p17b_external_GSE175634_transition_evaluability_freeze/tables/04_final_primary_gdis_file_manifest.csv,21602
p17b_external_GSE175634_transition_evaluability_freeze/tables/05_paired_window_sensitivity_manifest.csv,62522
p17b_external_GSE175634_transition_evaluability_freeze/tables/06_final_group_counts.csv,154
p17b_external_GSE175634_transition_evaluability_freeze/tables/07_final_evaluability_qualification.csv,335
p17b_external_GSE175634_transition_evaluability_freeze/tables/08_window_configuration_evaluability_summary.csv,766
p17_external_GSE175634_trajectory_window_assembly/p17_external_GSE175634_trajectory_window_assembly_report.txt,82015
p17_external_GSE175634_trajectory_window_assembly/data/primary_w400_s100/cf_extension/cf_extension_individual_18489.npz,4617560
p17_external_GSE175634_trajectory_window_assembly/data/primary_w400_s100/cf_extension/cf_extension_individual_18489_windows.csv,14846
p17_external_GSE175634_trajectory_window_assembly/data/primary_w400_s100/cf_extension/cf_extension_individual_18508.npz,9005343
p17_external_GSE175634_trajectory_window_assembly/data/primary_w400_s100/cf_extension/cf_extension_individual_18508_windows.csv,28564
p17_external_GSE175634_trajectory_window_assembly/data/primary_w400_s100/cf_extension/cf_extension_individual_18511.npz,9379965
p17_external_GSE175634_trajectory_window_assembly/data/primary_w400_s100/cf_extension/cf_extension_individual_18511_windows.csv,29966
p17_external_GSE175634_trajectory_window_assembly/data/primary_w400_s100/cf_extension/cf_extension_individual_18517.npz,5136336
p17_external_GSE175634_trajectory_window_assembly/data/primary_w400_s100/cf_extension/cf_extension_individual_18517_windows.csv,16473
p17_external_GSE175634_trajectory_window_assembly/data/primary_w400_s100/cf_extension/cf_extension_individual_18520.npz,7591197
p17_external_GSE175634_trajectory_window_assembly/data/primary_w400_s100/cf_extension/cf_extension_individual_18520_windows.csv,24213
p17_external_GSE175634_trajectory_window_assembly/data/primary_w400_s100/cf_extension/cf_extension_individual_18855.npz,6178424
p17_external_GSE175634_trajectory_window_assembly/data/primary_w400_s100/cf_extension/cf_extension_individual_18855_windows.csv,19548
p17_external_GSE175634_trajectory_window_assembly/data/primary_w400_s100/cf_extension/cf_extension_individual_18907.npz,5882546
p17_external_GSE175634_trajectory_window_assembly/data/primary_w400_s100/cf_extension/cf_extension_individual_18907_windows.csv,18641
p17_external_GSE175634_trajectory_window_assembly/data/primary_w400_s100/cf_extension/cf_extension_individual_18912.npz,8036557
p17_external_GSE175634_trajectory_window_assembly/data/primary_w400_s100/cf_extension/cf_extension_individual_18912_windows.csv,25851
p17_external_GSE175634_trajectory_window_assembly/data/primary_w400_s100/cf_extension/cf_extension_individual_19093.npz,11686556
p17_external_GSE175634_trajectory_window_assembly/data/primary_w400_s100/cf_extension/cf_extension_individual_19093_windows.csv,37197
p17_external_GSE175634_trajectory_window_assembly/data/primary_w400_s100/cf_extension/cf_extension_individual_19108.npz,2531181
p17_external_GSE175634_trajectory_window_assembly/data/primary_w400_s100/cf_extension/cf_extension_individual_19108_windows.csv,8272
p17_external_GSE175634_trajectory_window_assembly/data/primary_w400_s100/cf_extension/cf_extension_individual_19127.npz,7293766
p17_external_GSE175634_trajectory_window_assembly/data/primary_w400_s100/cf_extension/cf_extension_individual_19127_windows.csv,23223
p17_external_GSE175634_trajectory_window_assembly/data/primary_w400_s100/cf_extension/cf_extension_individual_19159.npz,9312692
p17_external_GSE175634_trajectory_window_assembly/data/primary_w400_s100/cf_extension/cf_extension_individual_19159_windows.csv,29318
p17_external_GSE175634_trajectory_window_assembly/data/primary_w400_s100/cf_extension/cf_extension_individual_19190.npz,12356192
p17_external_GSE175634_trajectory_window_assembly/data/primary_w400_s100/cf_extension/cf_extension_individual_19190_windows.csv,38938
p17_external_GSE175634_trajectory_window_assembly/data/primary_w400_s100/cf_extension/cf_extension_individual_19193.npz,6399610
p17_external_GSE175634_trajectory_window_assembly/data/primary_w400_s100/cf_extension/cf_extension_individual_19193_windows.csv,20337
p17_external_GSE175634_trajectory_window_assembly/data/primary_w400_s100/cf_extension/cf_extension_individual_19209.npz,6471941
p17_external_GSE175634_trajectory_window_assembly/data/primary_w400_s100/cf_extension/cf_extension_individual_19209_windows.csv,20715
p17_external_GSE175634_trajectory_window_assembly/data/primary_w400_s100/cm_extension/cm_extension_individual_18489.npz,4843734
p17_external_GSE175634_trajectory_window_assembly/data/primary_w400_s100/cm_extension/cm_extension_individual_18489_windows.csv,15427
p17_external_GSE175634_trajectory_window_assembly/data/primary_w400_s100/cm_extension/cm_extension_individual_18499.npz,9897364
p17_external_GSE175634_trajectory_window_assembly/data/primary_w400_s100/cm_extension/cm_extension_individual_18499_windows.csv,31622
p17_external_GSE175634_trajectory_window_assembly/data/primary_w400_s100/cm_extension/cm_extension_individual_18505.npz,5288162
p17_external_GSE175634_trajectory_window_assembly/data/primary_w400_s100/cm_extension/cm_extension_individual_18505_windows.csv,16943
p17_external_GSE175634_trajectory_window_assembly/data/primary_w400_s100/cm_extension/cm_extension_individual_18508.npz,6625997
p17_external_GSE175634_trajectory_window_assembly/data/primary_w400_s100/cm_extension/cm_extension_individual_18508_windows.csv,21063
p17_external_GSE175634_trajectory_window_assembly/data/primary_w400_s100/cm_extension/cm_extension_individual_18511.npz,8785850
p17_external_GSE175634_trajectory_window_assembly/data/primary_w400_s100/cm_extension/cm_extension_individual_18511_windows.csv,28035
p17_external_GSE175634_trajectory_window_assembly/data/primary_w400_s100/cm_extension/cm_extension_individual_18517.npz,6851977
p17_external_GSE175634_trajectory_window_assembly/data/primary_w400_s100/cm_extension/cm_extension_individual_18517_windows.csv,21658
p17_external_GSE175634_trajectory_window_assembly/data/primary_w400_s100/cm_extension/cm_extension_individual_18520.npz,6028937
p17_external_GSE175634_trajectory_window_assembly/data/primary_w400_s100/cm_extension/cm_extension_individual_18520_windows.csv,19265
p17_external_GSE175634_trajectory_window_assembly/data/primary_w400_s100/cm_extension/cm_extension_individual_18855.npz,3275347
p17_external_GSE175634_trajectory_window_assembly/data/primary_w400_s100/cm_extension/cm_extension_individual_18855_windows.csv,10603
p17_external_GSE175634_trajectory_window_assembly/data/primary_w400_s100/cm_extension/cm_extension_individual_18858.npz,8784615
p17_external_GSE175634_trajectory_window_assembly/data/primary_w400_s100/cm_extension/cm_extension_individual_18858_windows.csv,27970
p17_external_GSE175634_trajectory_window_assembly/data/primary_w400_s100/cm_extension/cm_extension_individual_18870.npz,8407326
p17_external_GSE175634_trajectory_window_assembly/data/primary_w400_s100/cm_extension/cm_extension_individual_18870_windows.csv,27069
p17_external_GSE175634_trajectory_window_assembly/data/primary_w400_s100/cm_extension/cm_extension_individual_18907.npz,4021810
p17_external_GSE175634_trajectory_window_assembly/data/primary_w400_s100/cm_extension/cm_extension_individual_18907_windows.csv,12961
p17_external_GSE175634_trajectory_window_assembly/data/primary_w400_s100/cm_extension/cm_extension_individual_18912.npz,9530752
p17_external_GSE175634_trajectory_window_assembly/data/primary_w400_s100/cm_extension/cm_extension_individual_18912_windows.csv,30399
p17_external_GSE175634_trajectory_window_assembly/data/primary_w400_s100/cm_extension/cm_extension_individual_19093.npz,11244582
p17_external_GSE175634_trajectory_window_assembly/data/primary_w400_s100/cm_extension/cm_extension_individual_19093_windows.csv,35653
p17_external_GSE175634_trajectory_window_assembly/data/primary_w400_s100/cm_extension/cm_extension_individual_19108.npz,2531219
p17_external_GSE175634_trajectory_window_assembly/data/primary_w400_s100/cm_extension/cm_extension_individual_19108_windows.csv,8307
p17_external_GSE175634_trajectory_window_assembly/data/primary_w400_s100/cm_extension/cm_extension_individual_19193.npz,4837700
p17_external_GSE175634_trajectory_window_assembly/data/primary_w400_s100/cm_extension/cm_extension_individual_19193_windows.csv,15476
p17_external_GSE175634_trajectory_window_assembly/data/primary_w400_s100/cm_extension/cm_extension_individual_19209.npz,6993854
p17_external_GSE175634_trajectory_window_assembly/data/primary_w400_s100/cm_extension/cm_extension_individual_19209_windows.csv,22382
p17_external_GSE175634_trajectory_window_assembly/data/primary_w400_s100/shared_backbone/shared_backbone_individual_18489.npz,3501152
p17_external_GSE175634_trajectory_window_assembly/data/primary_w400_s100/shared_backbone/shared_backbone_individual_18489_windows.csv,11163
p17_external_GSE175634_trajectory_window_assembly/data/primary_w400_s100/shared_backbone/shared_backbone_individual_18499.npz,8704498
p17_external_GSE175634_trajectory_window_assembly/data/primary_w400_s100/shared_backbone/shared_backbone_individual_18499_windows.csv,27409
p17_external_GSE175634_trajectory_window_assembly/data/primary_w400_s100/shared_backbone/shared_backbone_individual_18505.npz,4318441
p17_external_GSE175634_trajectory_window_assembly/data/primary_w400_s100/shared_backbone/shared_backbone_individual_18505_windows.csv,13721
p17_external_GSE175634_trajectory_window_assembly/data/primary_w400_s100/shared_backbone/shared_backbone_individual_18508.npz,5581348
p17_external_GSE175634_trajectory_window_assembly/data/primary_w400_s100/shared_backbone/shared_backbone_individual_18508_windows.csv,17554
p17_external_GSE175634_trajectory_window_assembly/data/primary_w400_s100/shared_backbone/shared_backbone_individual_18511.npz,7742684
p17_external_GSE175634_trajectory_window_assembly/data/primary_w400_s100/shared_backbone/shared_backbone_individual_18511_windows.csv,24401
p17_external_GSE175634_trajectory_window_assembly/data/primary_w400_s100/shared_backbone/shared_backbone_individual_18517.npz,4913137
p17_external_GSE175634_trajectory_window_assembly/data/primary_w400_s100/shared_backbone/shared_backbone_individual_18517_windows.csv,15487
p17_external_GSE175634_trajectory_window_assembly/data/primary_w400_s100/shared_backbone/shared_backbone_individual_18520.npz,5432950
p17_external_GSE175634_trajectory_window_assembly/data/primary_w400_s100/shared_backbone/shared_backbone_individual_18520_windows.csv,17143
p17_external_GSE175634_trajectory_window_assembly/data/primary_w400_s100/shared_backbone/shared_backbone_individual_18855.npz,2753724
p17_external_GSE175634_trajectory_window_assembly/data/primary_w400_s100/shared_backbone/shared_backbone_individual_18855_windows.csv,8788
p17_external_GSE175634_trajectory_window_assembly/data/primary_w400_s100/shared_backbone/shared_backbone_individual_18858.npz,7665653
p17_external_GSE175634_trajectory_window_assembly/data/primary_w400_s100/shared_backbone/shared_backbone_individual_18858_windows.csv,24075
p17_external_GSE175634_trajectory_window_assembly/data/primary_w400_s100/shared_backbone/shared_backbone_individual_18870.npz,8034868
p17_external_GSE175634_trajectory_window_assembly/data/primary_w400_s100/shared_backbone/shared_backbone_individual_18870_windows.csv,25333
p17_external_GSE175634_trajectory_window_assembly/data/primary_w400_s100/shared_backbone/shared_backbone_individual_18907.npz,3500282
p17_external_GSE175634_trajectory_window_assembly/data/primary_w400_s100/shared_backbone/shared_backbone_individual_18907_windows.csv,11106
p17_external_GSE175634_trajectory_window_assembly/data/primary_w400_s100/shared_backbone/shared_backbone_individual_18912.npz,7441424
p17_external_GSE175634_trajectory_window_assembly/data/primary_w400_s100/shared_backbone/shared_backbone_individual_18912_windows.csv,23495
p17_external_GSE175634_trajectory_window_assembly/data/primary_w400_s100/shared_backbone/shared_backbone_individual_19093.npz,9378911
p17_external_GSE175634_trajectory_window_assembly/data/primary_w400_s100/shared_backbone/shared_backbone_individual_19093_windows.csv,29440
p17_external_GSE175634_trajectory_window_assembly/data/primary_w400_s100/shared_backbone/shared_backbone_individual_19108.npz,2382342
p17_external_GSE175634_trajectory_window_assembly/data/primary_w400_s100/shared_backbone/shared_backbone_individual_19108_windows.csv,7697
p17_external_GSE175634_trajectory_window_assembly/data/primary_w400_s100/shared_backbone/shared_backbone_individual_19127.npz,4316931
p17_external_GSE175634_trajectory_window_assembly/data/primary_w400_s100/shared_backbone/shared_backbone_individual_19127_windows.csv,13744
p17_external_GSE175634_trajectory_window_assembly/data/primary_w400_s100/shared_backbone/shared_backbone_individual_19159.npz,4171320
p17_external_GSE175634_trajectory_window_assembly/data/primary_w400_s100/shared_backbone/shared_backbone_individual_19159_windows.csv,13173
p17_external_GSE175634_trajectory_window_assembly/data/primary_w400_s100/shared_backbone/shared_backbone_individual_19190.npz,6251546
p17_external_GSE175634_trajectory_window_assembly/data/primary_w400_s100/shared_backbone/shared_backbone_individual_19190_windows.csv,19655
p17_external_GSE175634_trajectory_window_assembly/data/primary_w400_s100/shared_backbone/shared_backbone_individual_19193.npz,4166911
p17_external_GSE175634_trajectory_window_assembly/data/primary_w400_s100/shared_backbone/shared_backbone_individual_19193_windows.csv,13173
p17_external_GSE175634_trajectory_window_assembly/data/primary_w400_s100/shared_backbone/shared_backbone_individual_19209.npz,6323101
p17_external_GSE175634_trajectory_window_assembly/data/primary_w400_s100/shared_backbone/shared_backbone_individual_19209_windows.csv,19919
p17_external_GSE175634_trajectory_window_assembly/data/sensitivity_w300_s75/cf_extension/cf_extension_individual_18489.npz,4692240
p17_external_GSE175634_trajectory_window_assembly/data/sensitivity_w300_s75/cf_extension/cf_extension_individual_18489_windows.csv,23046
p17_external_GSE175634_trajectory_window_assembly/data/sensitivity_w300_s75/cf_extension/cf_extension_individual_18508.npz,9098807
p17_external_GSE175634_trajectory_window_assembly/data/sensitivity_w300_s75/cf_extension/cf_extension_individual_18508_windows.csv,43895
p17_external_GSE175634_trajectory_window_assembly/data/sensitivity_w300_s75/cf_extension/cf_extension_individual_18511.npz,9436080
p17_external_GSE175634_trajectory_window_assembly/data/sensitivity_w300_s75/cf_extension/cf_extension_individual_18511_windows.csv,46615
p17_external_GSE175634_trajectory_window_assembly/data/sensitivity_w300_s75/cf_extension/cf_extension_individual_18517.npz,5192383
p17_external_GSE175634_trajectory_window_assembly/data/sensitivity_w300_s75/cf_extension/cf_extension_individual_18517_windows.csv,25150
p17_external_GSE175634_trajectory_window_assembly/data/sensitivity_w300_s75/cf_extension/cf_extension_individual_18520.npz,7647352
p17_external_GSE175634_trajectory_window_assembly/data/sensitivity_w300_s75/cf_extension/cf_extension_individual_18520_windows.csv,37744
p17_external_GSE175634_trajectory_window_assembly/data/sensitivity_w300_s75/cf_extension/cf_extension_individual_18855.npz,6253130
p17_external_GSE175634_trajectory_window_assembly/data/sensitivity_w300_s75/cf_extension/cf_extension_individual_18855_windows.csv,29378
p17_external_GSE175634_trajectory_window_assembly/data/sensitivity_w300_s75/cf_extension/cf_extension_individual_18907.npz,5975876
p17_external_GSE175634_trajectory_window_assembly/data/sensitivity_w300_s75/cf_extension/cf_extension_individual_18907_windows.csv,28531
p17_external_GSE175634_trajectory_window_assembly/data/sensitivity_w300_s75/cf_extension/cf_extension_individual_18912.npz,8092640
p17_external_GSE175634_trajectory_window_assembly/data/sensitivity_w300_s75/cf_extension/cf_extension_individual_18912_windows.csv,39936
p17_external_GSE175634_trajectory_window_assembly/data/sensitivity_w300_s75/cf_extension/cf_extension_individual_19093.npz,11780247
p17_external_GSE175634_trajectory_window_assembly/data/sensitivity_w300_s75/cf_extension/cf_extension_individual_19093_windows.csv,56412
p17_external_GSE175634_trajectory_window_assembly/data/sensitivity_w300_s75/cf_extension/cf_extension_individual_19108.npz,2624332
p17_external_GSE175634_trajectory_window_assembly/data/sensitivity_w300_s75/cf_extension/cf_extension_individual_19108_windows.csv,13069
p17_external_GSE175634_trajectory_window_assembly/data/sensitivity_w300_s75/cf_extension/cf_extension_individual_19127.npz,7368515
p17_external_GSE175634_trajectory_window_assembly/data/sensitivity_w300_s75/cf_extension/cf_extension_individual_19127_windows.csv,35837
p17_external_GSE175634_trajectory_window_assembly/data/sensitivity_w300_s75/cf_extension/cf_extension_individual_19159.npz,9387794
p17_external_GSE175634_trajectory_window_assembly/data/sensitivity_w300_s75/cf_extension/cf_extension_individual_19159_windows.csv,43990
p17_external_GSE175634_trajectory_window_assembly/data/sensitivity_w300_s75/cf_extension/cf_extension_individual_19190.npz,12393789
p17_external_GSE175634_trajectory_window_assembly/data/sensitivity_w300_s75/cf_extension/cf_extension_individual_19190_windows.csv,57573
p17_external_GSE175634_trajectory_window_assembly/data/sensitivity_w300_s75/cf_extension/cf_extension_individual_19193.npz,6474315
p17_external_GSE175634_trajectory_window_assembly/data/sensitivity_w300_s75/cf_extension/cf_extension_individual_19193_windows.csv,31295
p17_external_GSE175634_trajectory_window_assembly/data/sensitivity_w300_s75/cf_extension/cf_extension_individual_19209.npz,6527951
p17_external_GSE175634_trajectory_window_assembly/data/sensitivity_w300_s75/cf_extension/cf_extension_individual_19209_windows.csv,32549
p17_external_GSE175634_trajectory_window_assembly/data/sensitivity_w300_s75/cm_extension/cm_extension_individual_18489.npz,4918512
p17_external_GSE175634_trajectory_window_assembly/data/sensitivity_w300_s75/cm_extension/cm_extension_individual_18489_windows.csv,23702
p17_external_GSE175634_trajectory_window_assembly/data/sensitivity_w300_s75/cm_extension/cm_extension_individual_18499.npz,9934894
p17_external_GSE175634_trajectory_window_assembly/data/sensitivity_w300_s75/cm_extension/cm_extension_individual_18499_windows.csv,49222
p17_external_GSE175634_trajectory_window_assembly/data/sensitivity_w300_s75/cm_extension/cm_extension_individual_18505.npz,5363013
p17_external_GSE175634_trajectory_window_assembly/data/sensitivity_w300_s75/cm_extension/cm_extension_individual_18505_windows.csv,25703
p17_external_GSE175634_trajectory_window_assembly/data/sensitivity_w300_s75/cm_extension/cm_extension_individual_18508.npz,6700868
p17_external_GSE175634_trajectory_window_assembly/data/sensitivity_w300_s75/cm_extension/cm_extension_individual_18508_windows.csv,32566
p17_external_GSE175634_trajectory_window_assembly/data/sensitivity_w300_s75/cm_extension/cm_extension_individual_18511.npz,8823397
p17_external_GSE175634_trajectory_window_assembly/data/sensitivity_w300_s75/cm_extension/cm_extension_individual_18511_windows.csv,43276
p17_external_GSE175634_trajectory_window_assembly/data/sensitivity_w300_s75/cm_extension/cm_extension_individual_18517.npz,6926909
p17_external_GSE175634_trajectory_window_assembly/data/sensitivity_w300_s75/cm_extension/cm_extension_individual_18517_windows.csv,32796
p17_external_GSE175634_trajectory_window_assembly/data/sensitivity_w300_s75/cm_extension/cm_extension_individual_18520.npz,6085108
p17_external_GSE175634_trajectory_window_assembly/data/sensitivity_w300_s75/cm_extension/cm_extension_individual_18520_windows.csv,30184
p17_external_GSE175634_trajectory_window_assembly/data/sensitivity_w300_s75/cm_extension/cm_extension_individual_18855.npz,3350151
p17_external_GSE175634_trajectory_window_assembly/data/sensitivity_w300_s75/cm_extension/cm_extension_individual_18855_windows.csv,16468
p17_external_GSE175634_trajectory_window_assembly/data/sensitivity_w300_s75/cm_extension/cm_extension_individual_18858.npz,8878108
p17_external_GSE175634_trajectory_window_assembly/data/sensitivity_w300_s75/cm_extension/cm_extension_individual_18858_windows.csv,43147
p17_external_GSE175634_trajectory_window_assembly/data/sensitivity_w300_s75/cm_extension/cm_extension_individual_18870.npz,8426140
p17_external_GSE175634_trajectory_window_assembly/data/sensitivity_w300_s75/cm_extension/cm_extension_individual_18870_windows.csv,41997
p17_external_GSE175634_trajectory_window_assembly/data/sensitivity_w300_s75/cm_extension/cm_extension_individual_18907.npz,4133952
p17_external_GSE175634_trajectory_window_assembly/data/sensitivity_w300_s75/cm_extension/cm_extension_individual_18907_windows.csv,20075
p17_external_GSE175634_trajectory_window_assembly/data/sensitivity_w300_s75/cm_extension/cm_extension_individual_18912.npz,9549665
p17_external_GSE175634_trajectory_window_assembly/data/sensitivity_w300_s75/cm_extension/cm_extension_individual_18912_windows.csv,46451
p17_external_GSE175634_trajectory_window_assembly/data/sensitivity_w300_s75/cm_extension/cm_extension_individual_19093.npz,11338325
p17_external_GSE175634_trajectory_window_assembly/data/sensitivity_w300_s75/cm_extension/cm_extension_individual_19093_windows.csv,54054
p17_external_GSE175634_trajectory_window_assembly/data/sensitivity_w300_s75/cm_extension/cm_extension_individual_19108.npz,2624358
p17_external_GSE175634_trajectory_window_assembly/data/sensitivity_w300_s75/cm_extension/cm_extension_individual_19108_windows.csv,13100
p17_external_GSE175634_trajectory_window_assembly/data/sensitivity_w300_s75/cm_extension/cm_extension_individual_19193.npz,4912463
p17_external_GSE175634_trajectory_window_assembly/data/sensitivity_w300_s75/cm_extension/cm_extension_individual_19193_windows.csv,23977
p17_external_GSE175634_trajectory_window_assembly/data/sensitivity_w300_s75/cm_extension/cm_extension_individual_19209.npz,7087236
p17_external_GSE175634_trajectory_window_assembly/data/sensitivity_w300_s75/cm_extension/cm_extension_individual_19209_windows.csv,35202
p17_external_GSE175634_trajectory_window_assembly/data/sensitivity_w300_s75/shared_backbone/shared_backbone_individual_18489.npz,3575774
p17_external_GSE175634_trajectory_window_assembly/data/sensitivity_w300_s75/shared_backbone/shared_backbone_individual_18489_windows.csv,17204
p17_external_GSE175634_trajectory_window_assembly/data/sensitivity_w300_s75/shared_backbone/shared_backbone_individual_18499.npz,8760455
p17_external_GSE175634_trajectory_window_assembly/data/sensitivity_w300_s75/shared_backbone/shared_backbone_individual_18499_windows.csv,42845
p17_external_GSE175634_trajectory_window_assembly/data/sensitivity_w300_s75/shared_backbone/shared_backbone_individual_18505.npz,4355827
p17_external_GSE175634_trajectory_window_assembly/data/sensitivity_w300_s75/shared_backbone/shared_backbone_individual_18505_windows.csv,20777
p17_external_GSE175634_trajectory_window_assembly/data/sensitivity_w300_s75/shared_backbone/shared_backbone_individual_18508.npz,5637336
p17_external_GSE175634_trajectory_window_assembly/data/sensitivity_w300_s75/shared_backbone/shared_backbone_individual_18508_windows.csv,27164
p17_external_GSE175634_trajectory_window_assembly/data/sensitivity_w300_s75/shared_backbone/shared_backbone_individual_18511.npz,7817420
p17_external_GSE175634_trajectory_window_assembly/data/sensitivity_w300_s75/shared_backbone/shared_backbone_individual_18511_windows.csv,37532
p17_external_GSE175634_trajectory_window_assembly/data/sensitivity_w300_s75/shared_backbone/shared_backbone_individual_18517.npz,5025053
p17_external_GSE175634_trajectory_window_assembly/data/sensitivity_w300_s75/shared_backbone/shared_backbone_individual_18517_windows.csv,23715
p17_external_GSE175634_trajectory_window_assembly/data/sensitivity_w300_s75/shared_backbone/shared_backbone_individual_18520.npz,5526135
p17_external_GSE175634_trajectory_window_assembly/data/sensitivity_w300_s75/shared_backbone/shared_backbone_individual_18520_windows.csv,26852
p17_external_GSE175634_trajectory_window_assembly/data/sensitivity_w300_s75/shared_backbone/shared_backbone_individual_18855.npz,2791082
p17_external_GSE175634_trajectory_window_assembly/data/sensitivity_w300_s75/shared_backbone/shared_backbone_individual_18855_windows.csv,13481
p17_external_GSE175634_trajectory_window_assembly/data/sensitivity_w300_s75/shared_backbone/shared_backbone_individual_18858.npz,7702979
p17_external_GSE175634_trajectory_window_assembly/data/sensitivity_w300_s75/shared_backbone/shared_backbone_individual_18858_windows.csv,36711
p17_external_GSE175634_trajectory_window_assembly/data/sensitivity_w300_s75/shared_backbone/shared_backbone_individual_18870.npz,8090730
p17_external_GSE175634_trajectory_window_assembly/data/sensitivity_w300_s75/shared_backbone/shared_backbone_individual_18870_windows.csv,39059
p17_external_GSE175634_trajectory_window_assembly/data/sensitivity_w300_s75/shared_backbone/shared_backbone_individual_18907.npz,3574859
p17_external_GSE175634_trajectory_window_assembly/data/sensitivity_w300_s75/shared_backbone/shared_backbone_individual_18907_windows.csv,16646
p17_external_GSE175634_trajectory_window_assembly/data/sensitivity_w300_s75/shared_backbone/shared_backbone_individual_18912.npz,7478898
p17_external_GSE175634_trajectory_window_assembly/data/sensitivity_w300_s75/shared_backbone/shared_backbone_individual_18912_windows.csv,36109
p17_external_GSE175634_trajectory_window_assembly/data/sensitivity_w300_s75/shared_backbone/shared_backbone_individual_19093.npz,9435134
p17_external_GSE175634_trajectory_window_assembly/data/sensitivity_w300_s75/shared_backbone/shared_backbone_individual_19093_windows.csv,44716
p17_external_GSE175634_trajectory_window_assembly/data/sensitivity_w300_s75/shared_backbone/shared_backbone_individual_19108.npz,2456888
p17_external_GSE175634_trajectory_window_assembly/data/sensitivity_w300_s75/shared_backbone/shared_backbone_individual_19108_windows.csv,11970
p17_external_GSE175634_trajectory_window_assembly/data/sensitivity_w300_s75/shared_backbone/shared_backbone_individual_19127.npz,4410085
p17_external_GSE175634_trajectory_window_assembly/data/sensitivity_w300_s75/shared_backbone/shared_backbone_individual_19127_windows.csv,21381
p17_external_GSE175634_trajectory_window_assembly/data/sensitivity_w300_s75/shared_backbone/shared_backbone_individual_19159.npz,4245849
p17_external_GSE175634_trajectory_window_assembly/data/sensitivity_w300_s75/shared_backbone/shared_backbone_individual_19159_windows.csv,20219
p17_external_GSE175634_trajectory_window_assembly/data/sensitivity_w300_s75/shared_backbone/shared_backbone_individual_19190.npz,6307515
p17_external_GSE175634_trajectory_window_assembly/data/sensitivity_w300_s75/shared_backbone/shared_backbone_individual_19190_windows.csv,29789
p17_external_GSE175634_trajectory_window_assembly/data/sensitivity_w300_s75/shared_backbone/shared_backbone_individual_19193.npz,4241462
p17_external_GSE175634_trajectory_window_assembly/data/sensitivity_w300_s75/shared_backbone/shared_backbone_individual_19193_windows.csv,20230
p17_external_GSE175634_trajectory_window_assembly/data/sensitivity_w300_s75/shared_backbone/shared_backbone_individual_19209.npz,6416299
p17_external_GSE175634_trajectory_window_assembly/data/sensitivity_w300_s75/shared_backbone/shared_backbone_individual_19209_windows.csv,31078
p17_external_GSE175634_trajectory_window_assembly/data/sensitivity_w500_s125/cf_extension/cf_extension_individual_18489.npz,4561578
p17_external_GSE175634_trajectory_window_assembly/data/sensitivity_w500_s125/cf_extension/cf_extension_individual_18489_windows.csv,11931
p17_external_GSE175634_trajectory_window_assembly/data/sensitivity_w500_s125/cf_extension/cf_extension_individual_18508.npz,8930555
p17_external_GSE175634_trajectory_window_assembly/data/sensitivity_w500_s125/cf_extension/cf_extension_individual_18508_windows.csv,22930
p17_external_GSE175634_trajectory_window_assembly/data/sensitivity_w500_s125/cf_extension/cf_extension_individual_18511.npz,9305269
p17_external_GSE175634_trajectory_window_assembly/data/sensitivity_w500_s125/cf_extension/cf_extension_individual_18511_windows.csv,24048
p17_external_GSE175634_trajectory_window_assembly/data/sensitivity_w500_s125/cf_extension/cf_extension_individual_18517.npz,5117620
p17_external_GSE175634_trajectory_window_assembly/data/sensitivity_w500_s125/cf_extension/cf_extension_individual_18517_windows.csv,13306
p17_external_GSE175634_trajectory_window_assembly/data/sensitivity_w500_s125/cf_extension/cf_extension_individual_18520.npz,7535052
p17_external_GSE175634_trajectory_window_assembly/data/sensitivity_w500_s125/cf_extension/cf_extension_individual_18520_windows.csv,19460
p17_external_GSE175634_trajectory_window_assembly/data/sensitivity_w500_s125/cf_extension/cf_extension_individual_18855.npz,6140980
p17_external_GSE175634_trajectory_window_assembly/data/sensitivity_w500_s125/cf_extension/cf_extension_individual_18855_windows.csv,15677
p17_external_GSE175634_trajectory_window_assembly/data/sensitivity_w500_s125/cf_extension/cf_extension_individual_18907.npz,5863970
p17_external_GSE175634_trajectory_window_assembly/data/sensitivity_w500_s125/cf_extension/cf_extension_individual_18907_windows.csv,15142
p17_external_GSE175634_trajectory_window_assembly/data/sensitivity_w500_s125/cf_extension/cf_extension_individual_18912.npz,7906148
p17_external_GSE175634_trajectory_window_assembly/data/sensitivity_w500_s125/cf_extension/cf_extension_individual_18912_windows.csv,20533
p17_external_GSE175634_trajectory_window_assembly/data/sensitivity_w500_s125/cf_extension/cf_extension_individual_19093.npz,11630477
p17_external_GSE175634_trajectory_window_assembly/data/sensitivity_w500_s125/cf_extension/cf_extension_individual_19093_windows.csv,29918
p17_external_GSE175634_trajectory_window_assembly/data/sensitivity_w500_s125/cf_extension/cf_extension_individual_19108.npz,2512500
p17_external_GSE175634_trajectory_window_assembly/data/sensitivity_w500_s125/cf_extension/cf_extension_individual_19108_windows.csv,6699
p17_external_GSE175634_trajectory_window_assembly/data/sensitivity_w500_s125/cf_extension/cf_extension_individual_19127.npz,7256384
p17_external_GSE175634_trajectory_window_assembly/data/sensitivity_w500_s125/cf_extension/cf_extension_individual_19127_windows.csv,18692
p17_external_GSE175634_trajectory_window_assembly/data/sensitivity_w500_s125/cf_extension/cf_extension_individual_19159.npz,9219233
p17_external_GSE175634_trajectory_window_assembly/data/sensitivity_w500_s125/cf_extension/cf_extension_individual_19159_windows.csv,23542
p17_external_GSE175634_trajectory_window_assembly/data/sensitivity_w500_s125/cf_extension/cf_extension_individual_19190.npz,12281440
p17_external_GSE175634_trajectory_window_assembly/data/sensitivity_w500_s125/cf_extension/cf_extension_individual_19190_windows.csv,31350
p17_external_GSE175634_trajectory_window_assembly/data/sensitivity_w500_s125/cf_extension/cf_extension_individual_19193.npz,6324977
p17_external_GSE175634_trajectory_window_assembly/data/sensitivity_w500_s125/cf_extension/cf_extension_individual_19193_windows.csv,16342
p17_external_GSE175634_trajectory_window_assembly/data/sensitivity_w500_s125/cf_extension/cf_extension_individual_19209.npz,6415872
p17_external_GSE175634_trajectory_window_assembly/data/sensitivity_w500_s125/cf_extension/cf_extension_individual_19209_windows.csv,16710
p17_external_GSE175634_trajectory_window_assembly/data/sensitivity_w500_s125/cm_extension/cm_extension_individual_18489.npz,4750282
p17_external_GSE175634_trajectory_window_assembly/data/sensitivity_w500_s125/cm_extension/cm_extension_individual_18489_windows.csv,12345
p17_external_GSE175634_trajectory_window_assembly/data/sensitivity_w500_s125/cm_extension/cm_extension_individual_18499.npz,9766326
p17_external_GSE175634_trajectory_window_assembly/data/sensitivity_w500_s125/cm_extension/cm_extension_individual_18499_windows.csv,25193
p17_external_GSE175634_trajectory_window_assembly/data/sensitivity_w500_s125/cm_extension/cm_extension_individual_18505.npz,5213541
p17_external_GSE175634_trajectory_window_assembly/data/sensitivity_w500_s125/cm_extension/cm_extension_individual_18505_windows.csv,13471
p17_external_GSE175634_trajectory_window_assembly/data/sensitivity_w500_s125/cm_extension/cm_extension_individual_18508.npz,6607327
p17_external_GSE175634_trajectory_window_assembly/data/sensitivity_w500_s125/cm_extension/cm_extension_individual_18508_windows.csv,17058
p17_external_GSE175634_trajectory_window_assembly/data/sensitivity_w500_s125/cm_extension/cm_extension_individual_18511.npz,8748326
p17_external_GSE175634_trajectory_window_assembly/data/sensitivity_w500_s125/cm_extension/cm_extension_individual_18511_windows.csv,22568
p17_external_GSE175634_trajectory_window_assembly/data/sensitivity_w500_s125/cm_extension/cm_extension_individual_18517.npz,6796024
p17_external_GSE175634_trajectory_window_assembly/data/sensitivity_w500_s125/cm_extension/cm_extension_individual_18517_windows.csv,17469
p17_external_GSE175634_trajectory_window_assembly/data/sensitivity_w500_s125/cm_extension/cm_extension_individual_18520.npz,5954288
p17_external_GSE175634_trajectory_window_assembly/data/sensitivity_w500_s125/cm_extension/cm_extension_individual_18520_windows.csv,15401
p17_external_GSE175634_trajectory_window_assembly/data/sensitivity_w500_s125/cm_extension/cm_extension_individual_18855.npz,3256760
p17_external_GSE175634_trajectory_window_assembly/data/sensitivity_w500_s125/cm_extension/cm_extension_individual_18855_windows.csv,8506
p17_external_GSE175634_trajectory_window_assembly/data/sensitivity_w500_s125/cm_extension/cm_extension_individual_18858.npz,8747085
p17_external_GSE175634_trajectory_window_assembly/data/sensitivity_w500_s125/cm_extension/cm_extension_individual_18858_windows.csv,22574
p17_external_GSE175634_trajectory_window_assembly/data/sensitivity_w500_s125/cm_extension/cm_extension_individual_18870.npz,8276837
p17_external_GSE175634_trajectory_window_assembly/data/sensitivity_w500_s125/cm_extension/cm_extension_individual_18870_windows.csv,21529
p17_external_GSE175634_trajectory_window_assembly/data/sensitivity_w500_s125/cm_extension/cm_extension_individual_18907.npz,4003234
p17_external_GSE175634_trajectory_window_assembly/data/sensitivity_w500_s125/cm_extension/cm_extension_individual_18907_windows.csv,10502
p17_external_GSE175634_trajectory_window_assembly/data/sensitivity_w500_s125/cm_extension/cm_extension_individual_18912.npz,9399822
p17_external_GSE175634_trajectory_window_assembly/data/sensitivity_w500_s125/cm_extension/cm_extension_individual_18912_windows.csv,24229
p17_external_GSE175634_trajectory_window_assembly/data/sensitivity_w500_s125/cm_extension/cm_extension_individual_19093.npz,11169808
p17_external_GSE175634_trajectory_window_assembly/data/sensitivity_w500_s125/cm_extension/cm_extension_individual_19093_windows.csv,28641
p17_external_GSE175634_trajectory_window_assembly/data/sensitivity_w500_s125/cm_extension/cm_extension_individual_19108.npz,2512517
p17_external_GSE175634_trajectory_window_assembly/data/sensitivity_w500_s125/cm_extension/cm_extension_individual_19108_windows.csv,6698
p17_external_GSE175634_trajectory_window_assembly/data/sensitivity_w500_s125/cm_extension/cm_extension_individual_19193.npz,4837697
p17_external_GSE175634_trajectory_window_assembly/data/sensitivity_w500_s125/cm_extension/cm_extension_individual_19193_windows.csv,12604
p17_external_GSE175634_trajectory_window_assembly/data/sensitivity_w500_s125/cm_extension/cm_extension_individual_19209.npz,6975018
p17_external_GSE175634_trajectory_window_assembly/data/sensitivity_w500_s125/cm_extension/cm_extension_individual_19209_windows.csv,18114
p17_external_GSE175634_trajectory_window_assembly/data/sensitivity_w500_s125/shared_backbone/shared_backbone_individual_18489.npz,3445220
p17_external_GSE175634_trajectory_window_assembly/data/sensitivity_w500_s125/shared_backbone/shared_backbone_individual_18489_windows.csv,8945
p17_external_GSE175634_trajectory_window_assembly/data/sensitivity_w500_s125/shared_backbone/shared_backbone_individual_18499.npz,8648403
p17_external_GSE175634_trajectory_window_assembly/data/sensitivity_w500_s125/shared_backbone/shared_backbone_individual_18499_windows.csv,21995
p17_external_GSE175634_trajectory_window_assembly/data/sensitivity_w500_s125/shared_backbone/shared_backbone_individual_18505.npz,4281075
p17_external_GSE175634_trajectory_window_assembly/data/sensitivity_w500_s125/shared_backbone/shared_backbone_individual_18505_windows.csv,10992
p17_external_GSE175634_trajectory_window_assembly/data/sensitivity_w500_s125/shared_backbone/shared_backbone_individual_18508.npz,5488137
p17_external_GSE175634_trajectory_window_assembly/data/sensitivity_w500_s125/shared_backbone/shared_backbone_individual_18508_windows.csv,14042
p17_external_GSE175634_trajectory_window_assembly/data/sensitivity_w500_s125/shared_backbone/shared_backbone_individual_18511.npz,7723832
p17_external_GSE175634_trajectory_window_assembly/data/sensitivity_w500_s125/shared_backbone/shared_backbone_individual_18511_windows.csv,19688
p17_external_GSE175634_trajectory_window_assembly/data/sensitivity_w500_s125/shared_backbone/shared_backbone_individual_18517.npz,4838606
p17_external_GSE175634_trajectory_window_assembly/data/sensitivity_w500_s125/shared_backbone/shared_backbone_individual_18517_windows.csv,12393
p17_external_GSE175634_trajectory_window_assembly/data/sensitivity_w500_s125/shared_backbone/shared_backbone_individual_18520.npz,5395649
p17_external_GSE175634_trajectory_window_assembly/data/sensitivity_w500_s125/shared_backbone/shared_backbone_individual_18520_windows.csv,13756
p17_external_GSE175634_trajectory_window_assembly/data/sensitivity_w500_s125/shared_backbone/shared_backbone_individual_18855.npz,2697925
p17_external_GSE175634_trajectory_window_assembly/data/sensitivity_w500_s125/shared_backbone/shared_backbone_individual_18855_windows.csv,6994
p17_external_GSE175634_trajectory_window_assembly/data/sensitivity_w500_s125/shared_backbone/shared_backbone_individual_18858.npz,7628126
p17_external_GSE175634_trajectory_window_assembly/data/sensitivity_w500_s125/shared_backbone/shared_backbone_individual_18858_windows.csv,19400
p17_external_GSE175634_trajectory_window_assembly/data/sensitivity_w500_s125/shared_backbone/shared_backbone_individual_18870.npz,7904489
p17_external_GSE175634_trajectory_window_assembly/data/sensitivity_w500_s125/shared_backbone/shared_backbone_individual_18870_windows.csv,20138
p17_external_GSE175634_trajectory_window_assembly/data/sensitivity_w500_s125/shared_backbone/shared_backbone_individual_18907.npz,3444391
p17_external_GSE175634_trajectory_window_assembly/data/sensitivity_w500_s125/shared_backbone/shared_backbone_individual_18907_windows.csv,8880
p17_external_GSE175634_trajectory_window_assembly/data/sensitivity_w500_s125/shared_backbone/shared_backbone_individual_18912.npz,7348218
p17_external_GSE175634_trajectory_window_assembly/data/sensitivity_w500_s125/shared_backbone/shared_backbone_individual_18912_windows.csv,18783
p17_external_GSE175634_trajectory_window_assembly/data/sensitivity_w500_s125/shared_backbone/shared_backbone_individual_19093.npz,9304413
p17_external_GSE175634_trajectory_window_assembly/data/sensitivity_w500_s125/shared_backbone/shared_backbone_individual_19093_windows.csv,23625
p17_external_GSE175634_trajectory_window_assembly/data/sensitivity_w500_s125/shared_backbone/shared_backbone_individual_19108.npz,2326471
p17_external_GSE175634_trajectory_window_assembly/data/sensitivity_w500_s125/shared_backbone/shared_backbone_individual_19108_windows.csv,6108
p17_external_GSE175634_trajectory_window_assembly/data/sensitivity_w500_s125/shared_backbone/shared_backbone_individual_19127.npz,4279669
p17_external_GSE175634_trajectory_window_assembly/data/sensitivity_w500_s125/shared_backbone/shared_backbone_individual_19127_windows.csv,11046
p17_external_GSE175634_trajectory_window_assembly/data/sensitivity_w500_s125/shared_backbone/shared_backbone_individual_19159.npz,4096592
p17_external_GSE175634_trajectory_window_assembly/data/sensitivity_w500_s125/shared_backbone/shared_backbone_individual_19159_windows.csv,10512
p17_external_GSE175634_trajectory_window_assembly/data/sensitivity_w500_s125/shared_backbone/shared_backbone_individual_19190.npz,6139683
p17_external_GSE175634_trajectory_window_assembly/data/sensitivity_w500_s125/shared_backbone/shared_backbone_individual_19190_windows.csv,15678
p17_external_GSE175634_trajectory_window_assembly/data/sensitivity_w500_s125/shared_backbone/shared_backbone_individual_19193.npz,4092359
p17_external_GSE175634_trajectory_window_assembly/data/sensitivity_w500_s125/shared_backbone/shared_backbone_individual_19193_windows.csv,10560
p17_external_GSE175634_trajectory_window_assembly/data/sensitivity_w500_s125/shared_backbone/shared_backbone_individual_19209.npz,6322884
p17_external_GSE175634_trajectory_window_assembly/data/sensitivity_w500_s125/shared_backbone/shared_backbone_individual_19209_windows.csv,16220
p17_external_GSE175634_trajectory_window_assembly/figures/01_primary_window_counts.png,302822
p17_external_GSE175634_trajectory_window_assembly/figures/02_primary_cell_coverage.png,289550
p17_external_GSE175634_trajectory_window_assembly/tables/01_all_group_configuration_summary.csv,22407
p17_external_GSE175634_trajectory_window_assembly/tables/02_trajectory_file_manifest.csv,64301
p17_external_GSE175634_trajectory_window_assembly/tables/03_all_window_metadata.csv.gz,769683
p17_external_GSE175634_trajectory_window_assembly/tables/04_primary_group_summary.csv,7569
p17_external_GSE175634_trajectory_window_assembly/tables/05_primary_window_metadata.csv.gz,240427
p17_external_GSE175634_trajectory_window_assembly/tables/06_primary_state_landmark_window_mapping.csv,19477
p17_external_GSE175634_trajectory_window_assembly/tables/07_primary_transition_landmark_coverage.csv,6310
p17_external_GSE175634_trajectory_window_assembly/tables/08_window_size_sensitivity_summary.csv,1009
p17_external_GSE175634_trajectory_window_assembly/tables/09_trajectory_assembly_qualification.csv,572
p18_external_GSE175634_primary_gdis/p18_external_GSE175634_primary_gdis_report.txt,12184
p18_external_GSE175634_primary_gdis/data/cf_extension_individual_18489_gdis.csv,41466
p18_external_GSE175634_primary_gdis/data/cf_extension_individual_18508_gdis.csv,81393
p18_external_GSE175634_primary_gdis/data/cf_extension_individual_18511_gdis.csv,85468
p18_external_GSE175634_primary_gdis/data/cf_extension_individual_18517_gdis.csv,46486
p18_external_GSE175634_primary_gdis/data/cf_extension_individual_18520_gdis.csv,68112
p18_external_GSE175634_primary_gdis/data/cf_extension_individual_18855_gdis.csv,55611
p18_external_GSE175634_primary_gdis/data/cf_extension_individual_18907_gdis.csv,53109
p18_external_GSE175634_primary_gdis/data/cf_extension_individual_18912_gdis.csv,72762
p18_external_GSE175634_primary_gdis/data/cf_extension_individual_19093_gdis.csv,105293
p18_external_GSE175634_primary_gdis/data/cf_extension_individual_19127_gdis.csv,66145
p18_external_GSE175634_primary_gdis/data/cf_extension_individual_19159_gdis.csv,84077
p18_external_GSE175634_primary_gdis/data/cf_extension_individual_19190_gdis.csv,111245
p18_external_GSE175634_primary_gdis/data/cf_extension_individual_19193_gdis.csv,57996
p18_external_GSE175634_primary_gdis/data/cf_extension_individual_19209_gdis.csv,58139
p18_external_GSE175634_primary_gdis/data/cm_extension_individual_18489_gdis.csv,43811
p18_external_GSE175634_primary_gdis/data/cm_extension_individual_18499_gdis.csv,89905
p18_external_GSE175634_primary_gdis/data/cm_extension_individual_18505_gdis.csv,48032
p18_external_GSE175634_primary_gdis/data/cm_extension_individual_18508_gdis.csv,60028
p18_external_GSE175634_primary_gdis/data/cm_extension_individual_18511_gdis.csv,79672
p18_external_GSE175634_primary_gdis/data/cm_extension_individual_18517_gdis.csv,61909
p18_external_GSE175634_primary_gdis/data/cm_extension_individual_18520_gdis.csv,54963
p18_external_GSE175634_primary_gdis/data/cm_extension_individual_18855_gdis.csv,29703
p18_external_GSE175634_primary_gdis/data/cm_extension_individual_18858_gdis.csv,79482
p18_external_GSE175634_primary_gdis/data/cm_extension_individual_18870_gdis.csv,76047
p18_external_GSE175634_primary_gdis/data/cm_extension_individual_18907_gdis.csv,36629
p18_external_GSE175634_primary_gdis/data/cm_extension_individual_18912_gdis.csv,86058
p18_external_GSE175634_primary_gdis/data/cm_extension_individual_19093_gdis.csv,102535
p18_external_GSE175634_primary_gdis/data/cm_extension_individual_19193_gdis.csv,44029
p18_external_GSE175634_primary_gdis/data/cm_extension_individual_19209_gdis.csv,64456
p18_external_GSE175634_primary_gdis/data/shared_backbone_individual_18489_gdis.csv,31402
p18_external_GSE175634_primary_gdis/data/shared_backbone_individual_18499_gdis.csv,77788
p18_external_GSE175634_primary_gdis/data/shared_backbone_individual_18505_gdis.csv,38600
p18_external_GSE175634_primary_gdis/data/shared_backbone_individual_18508_gdis.csv,50273
p18_external_GSE175634_primary_gdis/data/shared_backbone_individual_18511_gdis.csv,69484
p18_external_GSE175634_primary_gdis/data/shared_backbone_individual_18517_gdis.csv,43917
p18_external_GSE175634_primary_gdis/data/shared_backbone_individual_18520_gdis.csv,48284
p18_external_GSE175634_primary_gdis/data/shared_backbone_individual_18855_gdis.csv,25091
p18_external_GSE175634_primary_gdis/data/shared_backbone_individual_18858_gdis.csv,68420
p18_external_GSE175634_primary_gdis/data/shared_backbone_individual_18870_gdis.csv,71647
p18_external_GSE175634_primary_gdis/data/shared_backbone_individual_18907_gdis.csv,31134
p18_external_GSE175634_primary_gdis/data/shared_backbone_individual_18912_gdis.csv,66953
p18_external_GSE175634_primary_gdis/data/shared_backbone_individual_19093_gdis.csv,83851
p18_external_GSE175634_primary_gdis/data/shared_backbone_individual_19108_gdis.csv,21785
p18_external_GSE175634_primary_gdis/data/shared_backbone_individual_19127_gdis.csv,38707
p18_external_GSE175634_primary_gdis/data/shared_backbone_individual_19159_gdis.csv,37468
p18_external_GSE175634_primary_gdis/data/shared_backbone_individual_19190_gdis.csv,55973
p18_external_GSE175634_primary_gdis/data/shared_backbone_individual_19193_gdis.csv,37402
p18_external_GSE175634_primary_gdis/data/shared_backbone_individual_19209_gdis.csv,56280
p18_external_GSE175634_primary_gdis/figures/01_cf_extension_primary_gdis_profiles.png,576170
p18_external_GSE175634_primary_gdis/figures/01_cm_extension_primary_gdis_profiles.png,433227
p18_external_GSE175634_primary_gdis/figures/01_shared_backbone_primary_gdis_profiles.png,660803
p18_external_GSE175634_primary_gdis/tables/01_pygdis_reference_config_verification.csv,495
p18_external_GSE175634_primary_gdis/tables/02_primary_profile_summary.csv,32675
p18_external_GSE175634_primary_gdis/tables/03_all_primary_gdis_profiles.csv.gz,1118320
p18_external_GSE175634_primary_gdis/tables/04_transition_weight_sensitivity.csv,2103715
p18_external_GSE175634_primary_gdis/tables/05_pygdis_result_metadata.csv,13321
p18_external_GSE175634_primary_gdis/tables/06_computational_qualification_by_profile.csv,4710
p18_external_GSE175634_primary_gdis/tables/07_scope_descriptive_summary.csv,703
p18_external_GSE175634_primary_gdis/tables/08_primary_gdis_computational_qualification.csv,485
p19_external_GSE175634_gdis_statistical_validation/p19_external_GSE175634_gdis_statistical_validation_report.txt,14446
p19_external_GSE175634_gdis_statistical_validation/figures/01_cf_extension_gdis_consensus.png,144935
p19_external_GSE175634_gdis_statistical_validation/figures/01_cm_extension_gdis_consensus.png,140660
p19_external_GSE175634_gdis_statistical_validation/figures/01_shared_backbone_gdis_consensus.png,138900
p19_external_GSE175634_gdis_statistical_validation/tables/01_circular_shift_null_tests.csv,5336
p19_external_GSE175634_gdis_statistical_validation/tables/02_individual_peak_and_transition_statistics.csv,36508
p19_external_GSE175634_gdis_statistical_validation/tables/03_independent_individual_transition_tests.csv,2140
p19_external_GSE175634_gdis_statistical_validation/tables/04_cross_individual_profile_agreement_summary.csv,2572
p19_external_GSE175634_gdis_statistical_validation/tables/05_cross_individual_profile_pair_correlations.csv.gz,35246
p19_external_GSE175634_gdis_statistical_validation/tables/06_scope_consensus_profiles.csv,255828
p19_external_GSE175634_gdis_statistical_validation/tables/07_primary_gdis_external_validation_summary.csv,2084
p19_external_GSE175634_gdis_statistical_validation/tables/08_statistical_validation_qualification.csv,417
p20_external_GSE175634_gdis_sensitivity/p20_external_GSE175634_gdis_sensitivity_report.txt,8690
p20_external_GSE175634_gdis_sensitivity/data/all_sensitivity_gdis_profiles.csv.gz,5287642
p20_external_GSE175634_gdis_sensitivity/tables/01_profile_level_sensitivity_comparisons.csv,83425
p20_external_GSE175634_gdis_sensitivity/tables/02_scope_level_sensitivity_summary.csv,3975
p20_external_GSE175634_gdis_sensitivity/tables/03_sensitivity_qualification.csv,377
p21_external_GSE175634_conventional_ews_benchmark/p21_external_GSE175634_conventional_ews_benchmark_report.txt,23342
p21_external_GSE175634_conventional_ews_benchmark/data/all_primary_benchmark_profiles.csv.gz,279856
p21_external_GSE175634_conventional_ews_benchmark/tables/01_global_peak_localization.csv,43077
p21_external_GSE175634_conventional_ews_benchmark/tables/02_source_to_destination_metric_change.csv,60827
p21_external_GSE175634_conventional_ews_benchmark/tables/03_entropy_numerical_safeguard_usage.csv,1296
p21_external_GSE175634_conventional_ews_benchmark/tables/04_scope_localization_summary.csv,3109
p21_external_GSE175634_conventional_ews_benchmark/tables/05_scope_source_destination_change_summary.csv,2418
p21_external_GSE175634_conventional_ews_benchmark/tables/06_pairwise_profile_agreement.csv.gz,73224
p21_external_GSE175634_conventional_ews_benchmark/tables/07_profile_agreement_summary.csv,2936
p21_external_GSE175634_conventional_ews_benchmark/tables/08_integrated_descriptive_benchmark.csv,4275
p22_external_GSE175634_benchmark_statistical_comparison/p22_external_GSE175634_benchmark_statistical_comparison_report.txt,19671
p22_external_GSE175634_benchmark_statistical_comparison/tables/01_all_metric_circular_shift_tests.csv,7416
p22_external_GSE175634_benchmark_statistical_comparison/tables/02_individual_metric_localization_and_change.csv,52274
p22_external_GSE175634_benchmark_statistical_comparison/tables/03_independent_individual_change_tests.csv,2964
p22_external_GSE175634_benchmark_statistical_comparison/tables/04_paired_gdis_vs_conventional_localization.csv,2826
p22_external_GSE175634_benchmark_statistical_comparison/tables/05_gdis_vs_transition_energy_localization.csv,550
p22_external_GSE175634_benchmark_statistical_comparison/tables/06_descriptive_localization_ranking.csv,2418
p22_external_GSE175634_benchmark_statistical_comparison/tables/07_benchmark_statistical_qualification.csv,510
p23_external_GSE175634_evidence_freeze/p23_external_GSE175634_evidence_freeze_report.txt,13904
p23_external_GSE175634_evidence_freeze/tables/01_final_external_gdis_evidence.csv,839
p23_external_GSE175634_evidence_freeze/tables/02_paired_gdis_vs_conventional_evidence.csv,2982
p23_external_GSE175634_evidence_freeze/tables/03_sensitivity_evidence.csv,2035
p23_external_GSE175634_evidence_freeze/tables/04_external_validation_claims_guardrails.csv,2277
p23_external_GSE175634_evidence_freeze/tables/05_final_external_validation_cohort.csv,154
p23_external_GSE175634_evidence_freeze/tables/06_gdis_vs_transition_energy_evidence.csv,628
p3_dataset_characterization/p3_dataset_characterization_report.txt,9729
p3_dataset_characterization/figures/01_cell_counts_by_day.png,63625
p3_dataset_characterization/figures/02_cell_counts_day_by_differentiation.png,81398
p3_dataset_characterization/figures/03_cluster_proportions_by_day.png,130673
p3_dataset_characterization/figures/04_cluster_proportions_by_day_diff1.png,123546
p3_dataset_characterization/figures/04_cluster_proportions_by_day_diff2.png,124113
p3_dataset_characterization/figures/05_endocrine_state_fraction_by_day.png,392283
p3_dataset_characterization/figures/06_marker_detection_by_day.png,416773
p3_dataset_characterization/figures/07_marker_mean_expression_by_day.png,245688
p3_dataset_characterization/tables/01_cell_counts_by_day.csv,69
p3_dataset_characterization/tables/02_cell_counts_day_by_differentiation.csv,136
p3_dataset_characterization/tables/03_cluster_counts_by_day.csv,499
p3_dataset_characterization/tables/04_cluster_proportions_by_day.csv,2072
p3_dataset_characterization/tables/05_cluster_counts_by_day_diff1.csv,475
p3_dataset_characterization/tables/05_cluster_counts_by_day_diff2.csv,477
p3_dataset_characterization/tables/06_cluster_proportions_by_day_diff1.csv,2045
p3_dataset_characterization/tables/06_cluster_proportions_by_day_diff2.csv,2003
p3_dataset_characterization/tables/07_subcluster_counts_by_day.csv,834
p3_dataset_characterization/tables/08_subcluster_proportions_by_day.csv,3435
p3_dataset_characterization/tables/09_cluster_temporal_appearance.csv,366
p3_dataset_characterization/tables/10_endocrine_state_counts_by_day.csv,425
p3_dataset_characterization/tables/11_endocrine_state_fraction_of_all_cells_by_day.csv,1734
p3_dataset_characterization/tables/12_endocrine_state_within_selected_states_by_day.csv,1708
p3_dataset_characterization/tables/13_marker_mean_expression_by_day.csv,1621
p3_dataset_characterization/tables/14_marker_median_expression_by_day.csv,406
p3_dataset_characterization/tables/15_marker_detection_fraction_by_day.csv,1653
p3_dataset_characterization/tables/16_marker_mean_by_day_differentiation.csv,3229
p3_dataset_characterization/tables/17_marker_detection_by_day_differentiation.csv,3576
p3_dataset_characterization/tables/18_differentiation_composition_agreement.csv,497
p3_dataset_characterization/tables/19_pseudotime_cluster_counts_by_day.csv,258
p3_dataset_characterization/tables/20_pseudotime_branch_counts_by_day.csv,102
p4b_replicate_trajectory_validation/p4b_replicate_trajectory_validation_report.txt,8717
p4b_replicate_trajectory_validation/figures/01_daily_median_pseudotime_profiles.png,221717
p4b_replicate_trajectory_validation/figures/02_state_pseudotime_profiles.png,237634
p4b_replicate_trajectory_validation/figures/03_branch_endpoint_purity.png,59170
p4b_replicate_trajectory_validation/tables/01_day_pseudotime_correlations.csv,170
p4b_replicate_trajectory_validation/tables/02_daily_median_pseudotime_profiles.csv,846
p4b_replicate_trajectory_validation/tables/03_daily_profile_monotonicity.csv,79
p4b_replicate_trajectory_validation/tables/04_cross_replicate_daily_profile_agreement.csv,154
p4b_replicate_trajectory_validation/tables/05_state_pseudotime_profiles.csv,1702
p4b_replicate_trajectory_validation/tables/06_cross_replicate_state_profile_agreement.csv,231
p4b_replicate_trajectory_validation/tables/07_branch_endpoint_purity.csv,185
p4b_replicate_trajectory_validation/tables/08_transition_landmark_agreement.csv,1105
p4_endocrine_trajectory_validation/p4_endocrine_trajectory_validation_report.txt,8662
p4_endocrine_trajectory_validation/figures/01_pseudotime_by_day.png,77571
p4_endocrine_trajectory_validation/figures/02_pseudotime_by_cluster.png,123434
p4_endocrine_trajectory_validation/figures/03_branch_cluster_composition.png,90027
p4_endocrine_trajectory_validation/figures/04_branch_beta_ec_enrichment.png,73936
p4_endocrine_trajectory_validation/figures/05_branch_distribution_by_day.png,162984
p4_endocrine_trajectory_validation/tables/01_cellday_vs_cellweek.csv,192
p4_endocrine_trajectory_validation/tables/02_pseudotime_summary_by_day.csv,987
p4_endocrine_trajectory_validation/tables/03_pseudotime_summary_by_cluster.csv,799
p4_endocrine_trajectory_validation/tables/04_branch_cluster_counts.csv,138
p4_endocrine_trajectory_validation/tables/05_branch_cluster_proportions.csv,292
p4_endocrine_trajectory_validation/tables/06_branch_beta_ec_enrichment.csv,211
p4_endocrine_trajectory_validation/tables/07_branch_counts_by_day.csv,102
p4_endocrine_trajectory_validation/tables/08_branch_proportions_by_day.csv,334
p4_endocrine_trajectory_validation/tables/09_branch_differentiation_counts.csv,46
p4_endocrine_trajectory_validation/tables/10_branch_differentiation_proportions.csv,103
p4_endocrine_trajectory_validation/tables/11_branch_differentiation_cluster_counts.csv,209
p4_endocrine_trajectory_validation/tables/12_branch_reproducibility.csv,188
p4_endocrine_trajectory_validation/tables/13_branch_pseudotime_monotonicity.csv,143
p4_endocrine_trajectory_validation/tables/14_transition_landmarks.csv,856
p5_preprocessing_state_space/p5_preprocessing_state_space_report.txt,6501
p5_preprocessing_state_space/data/GSE114412_endocrine_preprocessed_pca.h5ad,134908943
p5_preprocessing_state_space/data/state_space_pca_05.csv.gz,729550
p5_preprocessing_state_space/data/state_space_pca_10.csv.gz,1184536
p5_preprocessing_state_space/data/state_space_pca_20.csv.gz,2065531
p5_preprocessing_state_space/data/state_space_pca_30.csv.gz,2935720
p5_preprocessing_state_space/data/state_space_pca_50.csv.gz,4659673
p5_preprocessing_state_space/figures/01_pca_cumulative_explained_variance.png,117532
p5_preprocessing_state_space/figures/02_pca_pc1_pc2_by_day.png,2046618
p5_preprocessing_state_space/figures/03_pca_pc1_pc2_by_pseudotime.png,1900851
p5_preprocessing_state_space/figures/04_pca_pc1_pc2_by_cluster.png,1731107
p5_preprocessing_state_space/figures/05_pca_pc1_pc2_by_branch.png,2026875
p5_preprocessing_state_space/figures/06_pca_pc1_pc2_by_differentiation.png,2035491
p5_preprocessing_state_space/tables/01_qc_summary.csv,227
p5_preprocessing_state_space/tables/02_qc_medians_by_day.csv,213
p5_preprocessing_state_space/tables/03_qc_medians_by_differentiation.csv,101
p5_preprocessing_state_space/tables/04_highly_variable_genes.csv,1133946
p5_preprocessing_state_space/tables/05_pca_explained_variance.csv,3169
p5_preprocessing_state_space/tables/06_top_gene_loadings_first10PCs.csv,10142
p6b_reference_geometry_validation/p6b_reference_geometry_validation_report.txt,8410
p6b_reference_geometry_validation/figures/01_pairwise_distance_cv.png,142477
p6b_reference_geometry_validation/figures/02_neighbor_distance_contrast.png,119669
p6b_reference_geometry_validation/figures/03_adjacent_neighbor_overlap.png,127871
p6b_reference_geometry_validation/figures/04_50PC_local_scale_by_day.png,170783
p6b_reference_geometry_validation/tables/01_pairwise_distance_concentration.csv,1287
p6b_reference_geometry_validation/tables/02_adjacent_distance_convergence.csv,269
p6b_reference_geometry_validation/tables/03_local_neighbor_geometry.csv,1323
p6b_reference_geometry_validation/tables/04_adjacent_neighbor_overlap.csv,674
p6b_reference_geometry_validation/tables/05_local_scale_by_day_differentiation.csv,390
p6b_reference_geometry_validation/tables/06_branch_local_scale_reproducibility.csv,89
p6_state_space_sensitivity/p6_state_space_sensitivity_report.txt,7943
p6_state_space_sensitivity/figures/01_distance_preservation.png,113751
p6_state_space_sensitivity/figures/02_knn_overlap.png,127834
p6_state_space_sensitivity/figures/03_centroid_geometry.png,107241
p6_state_space_sensitivity/figures/04_replicate_geometry.png,101510
p6_state_space_sensitivity/figures/05_pseudotime_generalization.png,93237
p6_state_space_sensitivity/figures/06_terminal_fate_accuracy.png,107749
p6_state_space_sensitivity/tables/01_explained_variance_by_dimension.csv,148
p6_state_space_sensitivity/tables/02_distance_sample_cells.csv,120950
p6_state_space_sensitivity/tables/03_pairwise_distance_preservation.csv,130
p6_state_space_sensitivity/tables/04_knn_overlap_vs_50PC.csv,375
p6_state_space_sensitivity/tables/05_centroid_geometry_preservation.csv,139
p6_state_space_sensitivity/tables/06_replicate_trajectory_geometry.csv,286
p6_state_space_sensitivity/tables/07_cross_replicate_pseudotime_prediction.csv,2014
p6_state_space_sensitivity/tables/08_pseudotime_generalization_summary.csv,385
p6_state_space_sensitivity/tables/09_cross_replicate_terminal_fate.csv,640
p6_state_space_sensitivity/tables/10_terminal_fate_summary.csv,479
p6_state_space_sensitivity/tables/11_integrated_state_space_sensitivity.csv,1650
p6_state_space_sensitivity/tables/12_primary_dimension_selection.csv,154
p7_trajectory_assembly_validation/p7_trajectory_assembly_validation_report.txt,10795
p7_trajectory_assembly_validation/data/primary_w400_s100/branch0_diff1.npz,3053564
p7_trajectory_assembly_validation/data/primary_w400_s100/branch0_diff1_windows.csv,11936
p7_trajectory_assembly_validation/data/primary_w400_s100/branch0_diff2.npz,3498075
p7_trajectory_assembly_validation/data/primary_w400_s100/branch0_diff2_windows.csv,13740
p7_trajectory_assembly_validation/data/primary_w400_s100/branch1_diff1.npz,2681338
p7_trajectory_assembly_validation/data/primary_w400_s100/branch1_diff1_windows.csv,10624
p7_trajectory_assembly_validation/data/primary_w400_s100/branch1_diff2.npz,3200966
p7_trajectory_assembly_validation/data/primary_w400_s100/branch1_diff2_windows.csv,12667
p7_trajectory_assembly_validation/data/sensitivity_w300_s75/branch0_diff1.npz,3128139
p7_trajectory_assembly_validation/data/sensitivity_w300_s75/branch0_diff1_windows.csv,21112
p7_trajectory_assembly_validation/data/sensitivity_w300_s75/branch0_diff2.npz,3572630
p7_trajectory_assembly_validation/data/sensitivity_w300_s75/branch0_diff2_windows.csv,24965
p7_trajectory_assembly_validation/data/sensitivity_w300_s75/branch1_diff1.npz,2737254
p7_trajectory_assembly_validation/data/sensitivity_w300_s75/branch1_diff1_windows.csv,18635
p7_trajectory_assembly_validation/data/sensitivity_w300_s75/branch1_diff2.npz,3294203
p7_trajectory_assembly_validation/data/sensitivity_w300_s75/branch1_diff2_windows.csv,22774
p7_trajectory_assembly_validation/data/sensitivity_w500_s125/branch0_diff1.npz,2979045
p7_trajectory_assembly_validation/data/sensitivity_w500_s125/branch0_diff1_windows.csv,9461
p7_trajectory_assembly_validation/data/sensitivity_w500_s125/branch0_diff2.npz,3442158
p7_trajectory_assembly_validation/data/sensitivity_w500_s125/branch0_diff2_windows.csv,10889
p7_trajectory_assembly_validation/data/sensitivity_w500_s125/branch1_diff1.npz,2606766
p7_trajectory_assembly_validation/data/sensitivity_w500_s125/branch1_diff1_windows.csv,8391
p7_trajectory_assembly_validation/data/sensitivity_w500_s125/branch1_diff2.npz,3163727
p7_trajectory_assembly_validation/data/sensitivity_w500_s125/branch1_diff2_windows.csv,10095
p7_trajectory_assembly_validation/figures/01_primary_window_parameter_coverage.png,226958
p7_trajectory_assembly_validation/figures/02_primary_window_pseudotime_span.png,274554
p7_trajectory_assembly_validation/figures/03_primary_window_dominant_state_progression.png,187086
p7_trajectory_assembly_validation/tables/01_group_sizes.csv,67
p7_trajectory_assembly_validation/tables/02_window_configuration_summary.csv,4286
p7_trajectory_assembly_validation/tables/03_all_window_metadata.csv,169722
p7_trajectory_assembly_validation/tables/04_primary_window_metadata.csv,47489
p7_trajectory_assembly_validation/tables/05_primary_window_cell_membership.csv.gz,1161230
p7_trajectory_assembly_validation/tables/06_primary_cell_coverage.csv,1541453
p7_trajectory_assembly_validation/tables/07_primary_state_landmark_window_mapping.csv,2147
p7_trajectory_assembly_validation/tables/08_primary_cross_replicate_parameter_agreement.csv,207
p7_trajectory_assembly_validation/tables/09_window_sensitivity_configuration_summary.csv,398
p8_gdis_primary_analysis/p8_gdis_primary_analysis_report.txt,21714
p8_gdis_primary_analysis/data/primary_branch0_diff1_gdis.csv,29643
p8_gdis_primary_analysis/data/primary_branch0_diff2_gdis.csv,34209
p8_gdis_primary_analysis/data/primary_branch1_diff1_gdis.csv,26553
p8_gdis_primary_analysis/data/primary_branch1_diff2_gdis.csv,31489
p8_gdis_primary_analysis/figures/01_primary_gdis_sc_ec_replicates.png,138362
p8_gdis_primary_analysis/figures/02_primary_gdis_sc_beta_replicates.png,140341
p8_gdis_primary_analysis/figures/03_components_branch0_diff1.png,158410
p8_gdis_primary_analysis/figures/04_components_branch0_diff2.png,155527
p8_gdis_primary_analysis/figures/05_components_branch1_diff1.png,148626
p8_gdis_primary_analysis/figures/06_components_branch1_diff2.png,165728
p8_gdis_primary_analysis/tables/01_primary_gdis_summary.csv,1809
p8_gdis_primary_analysis/tables/02_gdis_at_frozen_biological_landmarks.csv,3305
p8_gdis_primary_analysis/tables/03_primary_cross_replicate_profile_agreement.csv,1063
p8_gdis_primary_analysis/tables/04_window_size_sensitivity.csv,1749
p8_gdis_primary_analysis/tables/05_pca_dimension_sensitivity.csv,2390
p8_gdis_primary_analysis/tables/06_transition_weight_sensitivity.csv,72654
p8_gdis_primary_analysis/tables/07_transition_weight_summary.csv,1809
p8_gdis_primary_analysis/tables/08_primary_computational_checks.csv,240
p9_gdis_result_validation/p9_gdis_result_validation_report.txt,13371
p9_gdis_result_validation/figures/01_consensus_gdis_sc_ec.png,169970
p9_gdis_result_validation/figures/02_consensus_gdis_sc_beta.png,174925
p9_gdis_result_validation/tables/01_event_localization_vs_neurog3_early.csv,1080
p9_gdis_result_validation/tables/02_metric_values_at_frozen_landmarks.csv,3305
p9_gdis_result_validation/tables/03_stage_to_stage_metric_changes.csv,2005
p9_gdis_result_validation/tables/04_replicate_event_location_agreement.csv,270
p9_gdis_result_validation/tables/05_branch_consensus_profiles.csv,283431
p9_gdis_result_validation/tables/06_branch_consensus_summary.csv,612
p9_gdis_result_validation/tables/07_cross_branch_common_phase_agreement.csv,389
