path,size_bytes,sha256
.gitattributes,105,e103871e7b3da07ee692907399ff6ca2a198e417b9f9c28a30fa538af5380063
.gitignore,459,e2da0a6cea22d5043c3c42823d9b976f8181f71486be7cdd8b050d7faf71faf0
CITATION.cff,732,99da442994c82e5414825793099f071a99912e1adad4483a979ad2ac20a18229
LICENSE,1116,c5347db9b316a05c2a0dfd6a5d679b500f816703ee8aa8ea6c3699a5b889a005
README.md,8988,13f4e149f05f3badbdc1a95ed0ce83bfbdf8001cfd1f38c7f5205337c8cdc11b
config/frozen_parameters.yaml,1312,2721a5164f297b75bee4700cada07f574d532f45dc5c745be7e582a9e38c7fe4
docs/dataset_descriptions.md,1141,d5be4bdb160e0c852478751db267a899b833c06dc66a99a077b2d3a689ea1d07
docs/manuscript_mapping.md,1672,94533fb97ec566fc37c483c6990d303ec0e3f9b3e71d07ee0472ea32ca51f14e
docs/original_results_manifest.csv,74276,f0065235358c80ef4b3ab27fb89ff67cfd5fe24821b071521bf1624be32926ff
docs/raw_data_manifest.csv,504,51aab75bc1b7c6947b2be04bde8b792b67694735e495f80d6d574ba11e5a79e8
docs/reproducibility_workflow.md,2780,230991ede61a6933203a60eef40272253598885997b2c3c6395c2b7f9169406d
docs/statistical_tests.md,1863,9aa58e3cdb85b89922d741c3501412152d6063f8f001aae3588e88a0fe6db93d
environment.yml,246,61ad1a02ff918b8d58a14c7ec473b308ee1708db41668976cdb05f5a57cfacbf
manuscript_assets/figures/Figure_10_external_benchmark.png,5421225,5a74a0d8474ae658f0729fda15bafeef7df9f43a1fe3fb505c04940f904fbca1
manuscript_assets/figures/Figure_6_primary_GDIS_profiles.png,4950843,0ec357a18ef5c4b6b1a29123c537880d409b36ecc58b1b92c05e302ba30984e9
manuscript_assets/figures/Figure_7_discovery_benchmark.png,3778512,1969e558e1eff33b38b0c0bcabdda46d017d0136bc4c73623284328f7aeaec88
manuscript_assets/figures/Figure_8_structure_preserving_null_validation.png,696760,927fc1dd031f6a71771fb3eee60ca50751d417dc553df937e740861a41b7b41d
manuscript_assets/figures/Figure_9_external_validation.png,15295762,ff597e4b6789193f399762643ab0ba4cb5d6a9236b73217a7f7053f65462cf46
manuscript_assets/figures/Supplementary_Figure_S4_external_sensitivity.png,9278662,33024d1d5e45ddf47b282f72a6505b1877038f6db76d0f65af00517292535ab4
manuscript_assets/figures/Supplementary_Figure_S5_individual_benchmark.png,6769719,950b022a31b6b623046d3df3ce1eefd3147b29a9f96233e0494d74d16438d405
manuscript_assets/tables/Supplementary_Table_S11.csv,2359,50e098e40edb4e81e35c78a5456bd7418e41d9a5889488c0d1f947a28d8f540f
manuscript_assets/tables/Supplementary_Table_S11.docx,19100,687191dfc45f6cb547254634448db1b4479bce32b29687fba4151248b8d24bea
raw_data/README.md,634,ff58c3c154c283b9b26b3de7716a3cb17e7dfa6b8253c2a96e4df1b1b71c8523
requirements.txt,120,088eb9b7f2b40bbc9f91b9b486c46c4a95dbe2c9c37a8536e573ea9a25d9b41c
results/README.md,692,edcfcd6a0b9b9310169369f743b9538036657b7a1b55e0f329db2e9f4d081dbb
results/reference_outputs/p10_conventional_ews_benchmark/p10_conventional_ews_benchmark_report.txt,23090,0f4017e6b90a60185e85e7364ca36220a702bb88c53545e3598ad2ab9cbfe5b4
results/reference_outputs/p10_conventional_ews_benchmark/tables/01_all_metric_profiles.csv,40707,27e976159476579df7d9673c98768395b3011de1e7075cf2837b55635a439d0a
results/reference_outputs/p10_conventional_ews_benchmark/tables/02_peak_localization_benchmark.csv,4231,1afc7cf31095d63e23c0bcba12d01c3cde27a24fcf143cc99a155ce850418be1
results/reference_outputs/p10_conventional_ews_benchmark/tables/03_progenitor_to_early_change.csv,3428,3137dc63619c6d298fb47af7a170b22bfdfe8daca4520da03cea65a2200c9015
results/reference_outputs/p10_conventional_ews_benchmark/tables/04_cross_replicate_metric_agreement.csv,1870,def275d283dc9674e75d288e000295f23d7e9f007308eb9f645f3fa835bda256
results/reference_outputs/p10_conventional_ews_benchmark/tables/05_integrated_benchmark_summary.csv,1434,68fdc4c4fb186573e7d4844cd8fd4b7d51bf77bd46dc4df275d98700b76833b2
results/reference_outputs/p10_conventional_ews_benchmark/tables/06_branch_consensus_peak_benchmark.csv,2011,23a297a1a51a91ec400338568752c0c127719e4dde389a1f216aa6acc075a867
results/reference_outputs/p11_statistical_alignment_null_validation/p11_statistical_alignment_null_validation_report.txt,11004,a5d57952f902396d3c403bb1c090773b99de7f1a8832bb0c1126c53ee54c7396
results/reference_outputs/p11_statistical_alignment_null_validation/tables/01_circular_shift_alignment_null_tests.csv,3141,27905e8a84f87a20cbf6cd7eec08bddff073dc1d79a565faa8b0532b4a0d0ed3
results/reference_outputs/p11_statistical_alignment_null_validation/tables/02_replicate_correlation_null_tests.csv,2202,6990bf6e575f61663ff698dcb0e57135f3f3cb0e0d94219575550e8dc3f17a9a
results/reference_outputs/p11_statistical_alignment_null_validation/tables/03_group_localization_errors.csv,1089,9b5722501bb38b99654f9c95eaf8f89188f6482cce9111196862e62af3c2f097
results/reference_outputs/p11_statistical_alignment_null_validation/tables/04_exact_gdis_vs_baseline_localization_tests.csv,841,e8adfe906e31066cece7c415ef93f27c87b83aaf4872908a6c5c0dae20bee524
results/reference_outputs/p11_statistical_alignment_null_validation/tables/05_signed_peak_position_tests.csv,1211,357f264fe1ceac629faa7711237929a8d54ae2098c4e3d844842108c270cf37a
results/reference_outputs/p12_external_GSE175634_download_preflight/p12_external_GSE175634_download_preflight_report.txt,7871,eacb914f8bff093f345797cd3595abc34c656a3668ad077a41445a6a9e2f2c58
results/reference_outputs/p12_external_GSE175634_download_preflight/tables/01_download_manifest.csv,1454,b0462e94b160a2531db79a7d1cecf510bab696efe1cf28f2e04af6e96d04af79
results/reference_outputs/p12_external_GSE175634_download_preflight/tables/02_cell_type_by_diffday_counts.csv,276,cebcc3b592c505ed9b6b4c09a60a22fa18e2dbd2a391912958fca61e6e8be180
results/reference_outputs/p12_external_GSE175634_download_preflight/tables/03_cells_by_individual.csv,243,61e9e0fa80d8b795fb47d09e925af09d6f7678fafc3178bfbb19c1a31a9eeaa7
results/reference_outputs/p12_external_GSE175634_download_preflight/tables/04_collection_metadata_parsed.csv,13264,76acf251d68e7e5ebfd5608e00a44a796c6bd3de006fd574bac139cc79dd04a2
results/reference_outputs/p12_external_GSE175634_download_preflight/tables/05_experimental_design_parsed.csv,3497,f4a2b77ffe35cad69b81e12926cd5ccc3a2829664905adaf8ef413dfff6a16cc
results/reference_outputs/p13_external_GSE175634_trajectory_characterization/p13_external_GSE175634_trajectory_characterization_report.txt,15863,ac9180fdde450b51ab64ab93d04bd6809ec175444c3ec8dce3e9145781909c80
results/reference_outputs/p13_external_GSE175634_trajectory_characterization/tables/01_pseudotime_summary_by_type.csv,791,9f604574a1a4a5a2100f24a346e2f9378fef97fe204b0747b4687ba4d88b3684
results/reference_outputs/p13_external_GSE175634_trajectory_characterization/tables/02_pseudotime_summary_by_day.csv,974,4399a211fdc48199fb353734ab5b57787acd419fbf387855c19ff4ed273144d1
results/reference_outputs/p13_external_GSE175634_trajectory_characterization/tables/03_individual_state_cell_counts.csv,1833,88e512c91d7fd6610c87af272f1116ee3a255247a2223ee93777ca1571e7f2a7
results/reference_outputs/p13_external_GSE175634_trajectory_characterization/tables/04_individual_pseudotime_day_agreement.csv,1644,02e66370ef49f6413c03bcb84c9186a94dc77d88c258459fc396d00785529463
results/reference_outputs/p13_external_GSE175634_trajectory_characterization/tables/05_individual_state_pseudotime_summary.csv,12402,3477f45333e39c210e9867a8d78f96cfc02cbfc4e7483fb9d3101a34e875915d
results/reference_outputs/p13_external_GSE175634_trajectory_characterization/tables/06_individual_state_profile_agreement.csv,1143,ebc927e9fb7e7b3b5afd497011f3fddcfc3ba793bca7ee64db7667b19ca188d3
results/reference_outputs/p14_external_GSE175634_design_freeze/p14_external_GSE175634_design_freeze_report.txt,10939,32ca4ba2725ac9413c2a96cddd6a7077f42ba7b9c259fa0a2b0730c006db0949
results/reference_outputs/p14_external_GSE175634_design_freeze/tables/01_frozen_individual_eligibility.csv,1843,2b9eff75556bddbc320423dc71c3cf1d83e2d435a8fc07e3f0772378e9a34363
results/reference_outputs/p14_external_GSE175634_design_freeze/tables/02_frozen_cell_inclusion_flags.csv.gz,2430782,3ccf16ce7079e365123340e47cd9c9d8937320ac028be199d6044bf0389d0e51
results/reference_outputs/p14_external_GSE175634_design_freeze/tables/03_frozen_state_landmarks_by_individual.csv,8708,6007cf83e881124e6dafa4b41d968f38b349a3d5c3d22a3c8500e102f636a181
results/reference_outputs/p14_external_GSE175634_design_freeze/tables/04_frozen_global_state_landmarks.csv,644,b42954a9c6efb075fbe2fbe2e51752cae38461c39e3b305b808fbe706110a8e9
results/reference_outputs/p14_external_GSE175634_design_freeze/tables/05_prespecified_biological_transitions.csv,951,98a6d13efc802151bfe2e2dbeaca7c2e9dc91ffc834c627390d0c523b75fde10
results/reference_outputs/p14_external_GSE175634_design_freeze/tables/06_individual_frozen_sequence_monotonicity.csv,525,b8836b420b71cb7acc36e85e18fb4f346eb8a8aee25bf134cac2281cfe70d727
results/reference_outputs/p15_external_GSE175634_preprocessing_state_space/p15_external_GSE175634_preprocessing_state_space_report.txt,5209,daa4d0750adf4cce64f4178c0780092cf8c041c7ddf79f48f38ee2c26bd4d366
results/reference_outputs/p15_external_GSE175634_preprocessing_state_space/tables/01_state_space_population_by_type_individual.csv,1627,0ec675716d46480779f1c65a432ec2339b6c7468541e4e64587e3707d9cff505
results/reference_outputs/p15_external_GSE175634_preprocessing_state_space/tables/02_raw_cell_qc.csv.gz,5432346,07b2e0c68d4580ba960cc14cdbea12c98c4a5b600e10f6a6bee8ff1970a64f12
results/reference_outputs/p15_external_GSE175634_preprocessing_state_space/tables/03_raw_qc_summary_by_type.csv,316,3363f331674230912bd9007fc1d03acc80baf47b4fe364862687d3ab665131a9
results/reference_outputs/p15_external_GSE175634_preprocessing_state_space/tables/04_batch_aware_hvg_2000.csv,158276,734f4da85f392fa0a028f54b4ff03fb16e47caf3ffd457a3e525c99359cd84ac
results/reference_outputs/p15_external_GSE175634_preprocessing_state_space/tables/05_hvg_batch_support_distribution.csv,116,2a6a64104566c512a8f3af97b4094238c74a07667c10a27ce999192db0c26b67
results/reference_outputs/p15_external_GSE175634_preprocessing_state_space/tables/06_pca_explained_variance.csv,3176,bbbf98c6cd0d24eeda5d4ec168b7c04cc939e7c63b6a8ca7258c693928ab7a85
results/reference_outputs/p15_external_GSE175634_preprocessing_state_space/tables/07_pca_cumulative_variance_key_dimensions.csv,145,2fae648b53138116b0f7defc252d8abbf8e293dd00d3524b6a34c0cc96a12c22
results/reference_outputs/p15_external_GSE175634_preprocessing_state_space/tables/08_state_median_centroids_50pc.csv,3780,0d855c8efa5ca317a1b224a5059eace869f594cca55fad1465faf8d10932a893
results/reference_outputs/p15_external_GSE175634_preprocessing_state_space/tables/09_individual_state_median_centroids_50pc.csv,61308,6ca9016d0cbc460faeb45d1878b674763738738beb414069e42477defea87208
results/reference_outputs/p16_external_GSE175634_state_space_geometry_validation/p16_external_GSE175634_state_space_geometry_validation_report.txt,10104,7dcf74159f7e52d50c08da65cf235cbd349b08425412f215f84bb12f0622c57d
results/reference_outputs/p16_external_GSE175634_state_space_geometry_validation/tables/01_random_pair_distance_summary.csv,739,47acc131ec2ec980acaa9b6f79bd5d1bd9a3880cceb42e897ca6c9721fc3faa4
results/reference_outputs/p16_external_GSE175634_state_space_geometry_validation/tables/02_distance_convergence_to_50pc.csv,145,b1208f691eabb69a641fafaca4ab56f8e3be4fdc32bde7afc496f4ea2874fef3
results/reference_outputs/p16_external_GSE175634_state_space_geometry_validation/tables/03_adjacent_dimension_distance_convergence.csv,160,83d101d7e1acd256948ce32fcfe8c010be4d5f564a6b5b635a5cd5b8e883c88f
results/reference_outputs/p16_external_GSE175634_state_space_geometry_validation/tables/04_local_knn_geometry_by_dimension.csv,790,b25af20b356645e4c34650a2771874153dfa4e4228d284dc467f77ab73c2479f
results/reference_outputs/p16_external_GSE175634_state_space_geometry_validation/tables/05_neighbor_overlap_to_50pc.csv,129,41b80b8e01dce9cc11142c17fa0df2bfb1f93759422cc7fb2acb0fdae86038c3
results/reference_outputs/p16_external_GSE175634_state_space_geometry_validation/tables/06_adjacent_dimension_neighbor_overlap.csv,148,3fd1817670f220c9c7742048251f982f27c97733714ca8bfead6a04ad85270e3
results/reference_outputs/p16_external_GSE175634_state_space_geometry_validation/tables/07_individual_state_centroids_50pc.csv,61308,6ca9016d0cbc460faeb45d1878b674763738738beb414069e42477defea87208
results/reference_outputs/p16_external_GSE175634_state_space_geometry_validation/tables/08_centroid_geometry_by_dimension.csv,278,b269da1c5e8f90bc355a3e2faf6390b2c3c6af5937378c2cb0c9859aacf733a6
results/reference_outputs/p16_external_GSE175634_state_space_geometry_validation/tables/09_core_state_loio_classification_by_dimension.csv,287,47a37718d5964f2850e1c6efd373a781a47b70468ad4ae0585ecc08858d543ac
results/reference_outputs/p16_external_GSE175634_state_space_geometry_validation/tables/10_core_state_loio_classification_by_individual.csv,1465,c04a03d0ca4f38406fbcbf41ded4dcff2b37f5e8d9bf0cf95af02ee222519bec
results/reference_outputs/p16_external_GSE175634_state_space_geometry_validation/tables/11_transition_vector_direction_consistency.csv,2128,e0afc0d586ed5b85df7585b865560db631ba59bfe6e8b3b973548a7b62c808b4
results/reference_outputs/p16_external_GSE175634_state_space_geometry_validation/tables/12_reference_50pc_qualification.csv,477,d5a189596b547363c308387e8d82245a62de308986d77921125b282dbf578a2d
results/reference_outputs/p17_external_GSE175634_trajectory_window_assembly/p17_external_GSE175634_trajectory_window_assembly_report.txt,81867,b7b6f480797b2e26a3d0297d2e2c1d5706cf5d65026180211188432a634f7662
results/reference_outputs/p17_external_GSE175634_trajectory_window_assembly/tables/01_all_group_configuration_summary.csv,22407,b203f92428083fb26b6678901f49d2edbb76840ed1b8dbedc2a8218fe93ed73f
results/reference_outputs/p17_external_GSE175634_trajectory_window_assembly/tables/02_trajectory_file_manifest.csv,53201,4e11cebb606c73eb0abebc996fd940713ff458e5222ba5c9eb124357f40e3878
results/reference_outputs/p17_external_GSE175634_trajectory_window_assembly/tables/03_all_window_metadata.csv.gz,769683,4cdf4d789aaf9533630ed9051eb9b982577236c7ae8a744616154933329ba0ee
results/reference_outputs/p17_external_GSE175634_trajectory_window_assembly/tables/04_primary_group_summary.csv,7569,f22a249d6ae9b5688cbe926a624feac55ff909bd81d15974b653da8f795f165f
results/reference_outputs/p17_external_GSE175634_trajectory_window_assembly/tables/05_primary_window_metadata.csv.gz,240427,60ba8f68c7774cf45709331bcbe66e27995e7e4228ee45670e3ab2726b7cafab
results/reference_outputs/p17_external_GSE175634_trajectory_window_assembly/tables/06_primary_state_landmark_window_mapping.csv,19477,4e153d5fb570a053cdbceb46fd6c91063c1d243425de185cfd141ec746f1226e
results/reference_outputs/p17_external_GSE175634_trajectory_window_assembly/tables/07_primary_transition_landmark_coverage.csv,6310,e4312f8515317a30e1dcfc8c075a06cfb6759d62f01683406a8dae06152b3d3c
results/reference_outputs/p17_external_GSE175634_trajectory_window_assembly/tables/08_window_size_sensitivity_summary.csv,1009,11b0e3e596eda87b2bb17138cbd48cf85fb743de0eb0289968f897751537496f
results/reference_outputs/p17_external_GSE175634_trajectory_window_assembly/tables/09_trajectory_assembly_qualification.csv,572,562c52766e921a5616bb35fca08fb238369aca93f86886013a6076d9f2ee4636
results/reference_outputs/p17b_external_GSE175634_transition_evaluability_freeze/p17b_external_GSE175634_transition_evaluability_freeze_report.txt,4508,efd0b57ae69fb083b2bfd273103726eb53b05297478fb30921e7372b18dbc30a
results/reference_outputs/p17b_external_GSE175634_transition_evaluability_freeze/tables/01_transition_evaluability_all_configs.csv,17398,b9881ccdd8cdb7eba69c8ae04cad7fce0f7b41a624a15e3ee9786f0fc5f5cf13
results/reference_outputs/p17b_external_GSE175634_transition_evaluability_freeze/tables/02_final_primary_gdis_groups.csv,5865,85c78de4ea5ff4fb6db95a285e11d42bf9f1b75dd503b6dd647dbd2bc9e67222
results/reference_outputs/p17b_external_GSE175634_transition_evaluability_freeze/tables/03_excluded_primary_groups.csv,459,a043e5a74850d98f321ccd7474164f9607ee13e96a6e1af26372b3e1ebb919da
results/reference_outputs/p17b_external_GSE175634_transition_evaluability_freeze/tables/04_final_primary_gdis_file_manifest.csv,18050,4d9baadb5f9cfcab2c781f388e50124785254b4d54138b708a8210634769c0e5
results/reference_outputs/p17b_external_GSE175634_transition_evaluability_freeze/tables/05_paired_window_sensitivity_manifest.csv,51866,d994a73528404f1b0fdc4232cb5d9480c94616f2dced8872ad1411538fe54a00
results/reference_outputs/p17b_external_GSE175634_transition_evaluability_freeze/tables/06_final_group_counts.csv,154,bd71883b45cd87385a4829b4bd925cfa65997d32e90e51b11e2a44ff30bd4bc7
results/reference_outputs/p17b_external_GSE175634_transition_evaluability_freeze/tables/07_final_evaluability_qualification.csv,335,51fbf6ebd230bd22cc4818f2e168daf3fb9bcbd2f1537ab84d2948460b13d446
results/reference_outputs/p17b_external_GSE175634_transition_evaluability_freeze/tables/08_window_configuration_evaluability_summary.csv,766,3ee0a34bf2fc23f6bca5321b1734830bd42be45ad40d12b03a36e14a8ab96e42
results/reference_outputs/p18_external_GSE175634_primary_gdis/p18_external_GSE175634_primary_gdis_report.txt,12036,bc6a9aaab48e19b25a73ccb0415638cb09b6491d9445c8420e6a35a21d8b032a
results/reference_outputs/p18_external_GSE175634_primary_gdis/tables/01_pygdis_reference_config_verification.csv,495,98ec2b5e49f5eefe9ab4dc730f37473d4b66b25b2853ec6cec61fa6ebf0a3783
results/reference_outputs/p18_external_GSE175634_primary_gdis/tables/02_primary_profile_summary.csv,32675,8ab34a19e6be0acefe184408e114f2eddd3ed2bd08a9b278557cf5edd418d515
results/reference_outputs/p18_external_GSE175634_primary_gdis/tables/03_all_primary_gdis_profiles.csv.gz,1118320,bf6722341ecd3fa1ba23f5d3e82ea938d2b33b2b48a4bfce587b4df186d5a3df
results/reference_outputs/p18_external_GSE175634_primary_gdis/tables/04_transition_weight_sensitivity.csv,2103715,e8949e9dd03eaf7c64698a24e939bf79da4bd19b84905bd71fa342023a7a4104
results/reference_outputs/p18_external_GSE175634_primary_gdis/tables/05_pygdis_result_metadata.csv,13321,2306dd916600a9031122f59e66df83913b6b439cc760e861f8c28503cae9ff29
results/reference_outputs/p18_external_GSE175634_primary_gdis/tables/06_computational_qualification_by_profile.csv,4710,7064281742321a64fa95eeaf7402f306a0508cb47797f68449c85b9471a96569
results/reference_outputs/p18_external_GSE175634_primary_gdis/tables/07_scope_descriptive_summary.csv,703,acc119900f080fad2caccd00219f892585c531a0e941b8399c86cb4d5c5bf5dd
results/reference_outputs/p18_external_GSE175634_primary_gdis/tables/08_primary_gdis_computational_qualification.csv,485,5f70f772e4061f7d872688abc791cdd59fd410760e19c2b870a2daf26a5e0308
results/reference_outputs/p19_external_GSE175634_gdis_statistical_validation/p19_external_GSE175634_gdis_statistical_validation_report.txt,14335,71d5320e29a96fcefcbb2b78eb071d0df40f7eae00854055598a5b8c3e0f249f
results/reference_outputs/p19_external_GSE175634_gdis_statistical_validation/tables/01_circular_shift_null_tests.csv,5336,2cc15cc8abdc4bf2df2903c1ce504227e60c1b4803ad09f9399f410073aba54c
results/reference_outputs/p19_external_GSE175634_gdis_statistical_validation/tables/02_individual_peak_and_transition_statistics.csv,36508,aef09de2e01d5e7c1b8d00c28f7181261a40f99835166b3f90fbe5feebecc2bd
results/reference_outputs/p19_external_GSE175634_gdis_statistical_validation/tables/03_independent_individual_transition_tests.csv,2140,8b1050b4d196d67f923bb401a2820d159e76641e369b268c3003e160804ae13d
results/reference_outputs/p19_external_GSE175634_gdis_statistical_validation/tables/04_cross_individual_profile_agreement_summary.csv,2572,93f4bbeb8774e8de7028f83ec22869af05973279085a1fa0207b203cd21863b2
results/reference_outputs/p19_external_GSE175634_gdis_statistical_validation/tables/05_cross_individual_profile_pair_correlations.csv.gz,35246,76e8b6b36cbe71bdbb55d9d8e8eb28bd2319e1e4e45fa5b9ec04a66297ecf2e8
results/reference_outputs/p19_external_GSE175634_gdis_statistical_validation/tables/06_scope_consensus_profiles.csv,255828,642f1d9e57382bfe4ab4dd188c77c2a4e7568986675bb4f0435d3b162c01f2b9
results/reference_outputs/p19_external_GSE175634_gdis_statistical_validation/tables/07_primary_gdis_external_validation_summary.csv,2084,36acf5aed881aba067c8a2ff6326c87aab45bcee796f7a927674305ff1768d41
results/reference_outputs/p19_external_GSE175634_gdis_statistical_validation/tables/08_statistical_validation_qualification.csv,417,c1825fd17663008fcfbaba5d4e6f4c0ac7d218960a1797f972fbfe6bfadfd279
results/reference_outputs/p20_external_GSE175634_gdis_sensitivity/p20_external_GSE175634_gdis_sensitivity_report.txt,8579,59b7fd5307e9ec06f34a13b471d2acd05c377073c8b1a7331e125a243137d5d7
results/reference_outputs/p20_external_GSE175634_gdis_sensitivity/tables/01_profile_level_sensitivity_comparisons.csv,83425,2f20e33bf07917f3a460764eefb7c34cabf572f74afcfd281b9257c9a21ed39f
results/reference_outputs/p20_external_GSE175634_gdis_sensitivity/tables/02_scope_level_sensitivity_summary.csv,3975,505ee3e4d06c05fb16f9dc841ddf687961cf1766c8609134b1284ff6b0c58e8d
results/reference_outputs/p20_external_GSE175634_gdis_sensitivity/tables/03_sensitivity_qualification.csv,377,9988d656a6f4a251ec77f96d8a020ab79d78d65132e9f2892abf0c985f2f5b37
results/reference_outputs/p21_external_GSE175634_conventional_ews_benchmark/p21_external_GSE175634_conventional_ews_benchmark_report.txt,23231,d725da84a1287c3e2875c122d725404fe846723abc23f0f08c8955be2b4fbdcc
results/reference_outputs/p21_external_GSE175634_conventional_ews_benchmark/tables/01_global_peak_localization.csv,43077,fcc152df344cd556adda6ec719302c1665651a0b087a238165042ccf9c74b696
results/reference_outputs/p21_external_GSE175634_conventional_ews_benchmark/tables/02_source_to_destination_metric_change.csv,60827,1a08cdf231d42d0142cd1a77835a767e6688e12329b4c32ad8b648e4904009b3
results/reference_outputs/p21_external_GSE175634_conventional_ews_benchmark/tables/03_entropy_numerical_safeguard_usage.csv,1296,14b31c9978883488da40e898320d37d924291e298afce3b69792ebcdc6eaafdd
results/reference_outputs/p21_external_GSE175634_conventional_ews_benchmark/tables/04_scope_localization_summary.csv,3109,23a99cc593699e2f3bd4c24dffe93d698241862985cc1522166c72600b312a23
results/reference_outputs/p21_external_GSE175634_conventional_ews_benchmark/tables/05_scope_source_destination_change_summary.csv,2418,d31686a39d756f4e5d8d42bcc0cac48b6e31a1f9af019cefcc7a4ca83c20d638
results/reference_outputs/p21_external_GSE175634_conventional_ews_benchmark/tables/06_pairwise_profile_agreement.csv.gz,73224,ca46cf22f37d18b60d0e712686a5f1fdcc5e6a6f5166290240822e0183e272df
results/reference_outputs/p21_external_GSE175634_conventional_ews_benchmark/tables/07_profile_agreement_summary.csv,2936,4442e52544ddee609e1bb880d0889ca413ac4d9f4a88a64f0155620d60312a13
results/reference_outputs/p21_external_GSE175634_conventional_ews_benchmark/tables/08_integrated_descriptive_benchmark.csv,4275,c32db6954d5aafa10f2f75417a2fd5b8a97ab8e47e9163fafed22a61b1c56b32
results/reference_outputs/p22_external_GSE175634_benchmark_statistical_comparison/p22_external_GSE175634_benchmark_statistical_comparison_report.txt,19597,d774ee0b34f6799d2c16af3082226d66afe85b52c97bc32559c973b3e4cc4cbc
results/reference_outputs/p22_external_GSE175634_benchmark_statistical_comparison/tables/01_all_metric_circular_shift_tests.csv,7416,8970bb2342b93f0e3e438374c3ea0183e165d29cc1d393bd8f527afc020565ea
results/reference_outputs/p22_external_GSE175634_benchmark_statistical_comparison/tables/02_individual_metric_localization_and_change.csv,52274,e262c5bf6def2c36b35644ea463b9097819ddeb78477d85cafe173d2120cd371
results/reference_outputs/p22_external_GSE175634_benchmark_statistical_comparison/tables/03_independent_individual_change_tests.csv,2964,ed7d837161230d05a068ea086e31599e46dd89de843946fc45f527d91e711d80
results/reference_outputs/p22_external_GSE175634_benchmark_statistical_comparison/tables/04_paired_gdis_vs_conventional_localization.csv,2826,0dc93dea01c5440931912ee09fa7c0ae6368daac1f0639f3e014fc12c79084b9
results/reference_outputs/p22_external_GSE175634_benchmark_statistical_comparison/tables/05_gdis_vs_transition_energy_localization.csv,550,23afeb0f1f4c825fdaac329ce488b226d7f2498740f13f497d1c14bd65da6314
results/reference_outputs/p22_external_GSE175634_benchmark_statistical_comparison/tables/06_descriptive_localization_ranking.csv,2418,576f4d58a98e252d9e011c8f3ccdca5a9a3ba11127d855d25a07225f0d2a1b2a
results/reference_outputs/p22_external_GSE175634_benchmark_statistical_comparison/tables/07_benchmark_statistical_qualification.csv,510,6158a54d31867f71d5ecc673e40c3d35d45050211781f769d20d24a4eaec6db7
results/reference_outputs/p23_external_GSE175634_evidence_freeze/p23_external_GSE175634_evidence_freeze_report.txt,13830,7d53a9feebc1d662e14782560706e82d539c2523f73eadc6771cb2da8eebb3cb
results/reference_outputs/p23_external_GSE175634_evidence_freeze/tables/01_final_external_gdis_evidence.csv,839,f2a9386d26a62c97a1a6173215678cb6f19db3ffcc439b94e005f14a795daa2e
results/reference_outputs/p23_external_GSE175634_evidence_freeze/tables/02_paired_gdis_vs_conventional_evidence.csv,2982,bacabddf3a187dfa01216f39332d727699c57966b3fc77238ca5126ba8282224
results/reference_outputs/p23_external_GSE175634_evidence_freeze/tables/03_sensitivity_evidence.csv,2035,2c9c97927d032b4ca7f839d4fd64b4c6af599891353b98ad14204e4778e705a4
results/reference_outputs/p23_external_GSE175634_evidence_freeze/tables/04_external_validation_claims_guardrails.csv,2277,826b064232659b8c4f7f1a77963210471452b89bb66836c83fa6defb47f2922e
results/reference_outputs/p23_external_GSE175634_evidence_freeze/tables/05_final_external_validation_cohort.csv,154,bd71883b45cd87385a4829b4bd925cfa65997d32e90e51b11e2a44ff30bd4bc7
results/reference_outputs/p23_external_GSE175634_evidence_freeze/tables/06_gdis_vs_transition_energy_evidence.csv,628,7af1b1d159d483c1531b1d355be70306dd34fcf203894bf8dce20349362cd583
results/reference_outputs/p2_preflight_report_v2.txt,7940,a7d00bca212b6d11efa3a419c44e10a307e015f9bc7402551cc3c5b2c2bcf426
results/reference_outputs/p3_dataset_characterization/p3_dataset_characterization_report.txt,9618,7756c667605913f6055955d3e1b85c44356545d33bdba01c3fb8c8ddd8ca8eb6
results/reference_outputs/p3_dataset_characterization/tables/01_cell_counts_by_day.csv,69,7ecabe396cc2d4091208bc160b2620ee424d94158f57611fbfc14baae64486d8
results/reference_outputs/p3_dataset_characterization/tables/02_cell_counts_day_by_differentiation.csv,136,d6bcbc6d2359f0396a0cd46dac008b222d99daaad15933fd7fb403216e743a91
results/reference_outputs/p3_dataset_characterization/tables/03_cluster_counts_by_day.csv,499,fbf9770d8601fcfe2ed92f65c62ca58b81af0c5d7d41f1c2d6232d84c72e15dd
results/reference_outputs/p3_dataset_characterization/tables/04_cluster_proportions_by_day.csv,2072,9204c7b8fb0ab0365575717dcd0fb4031b7e5df3b07bb528db4064a5825ea195
results/reference_outputs/p3_dataset_characterization/tables/05_cluster_counts_by_day_diff1.csv,475,0cb81b92311580a4128ec558447c7d2250626d3086bfce20d9e8f5c1e4f09939
results/reference_outputs/p3_dataset_characterization/tables/05_cluster_counts_by_day_diff2.csv,477,3c4a89a37bce324f01d4ac54c69aa5709ea937fa4a162538ccb62e3f13327f47
results/reference_outputs/p3_dataset_characterization/tables/06_cluster_proportions_by_day_diff1.csv,2045,ccf8f4ee4b086d323f51a3edf088e2c09b3a1f128130464d7b0c02e012e5a52a
results/reference_outputs/p3_dataset_characterization/tables/06_cluster_proportions_by_day_diff2.csv,2003,a8ead9016d0d42628b13937056745ccbd85858995f6998d9f4e291d7c919d0a5
results/reference_outputs/p3_dataset_characterization/tables/07_subcluster_counts_by_day.csv,834,27de7ecbc4edca7db90def95028bb7f6b2ac883dcccf15baf9c57fe1df7479fd
results/reference_outputs/p3_dataset_characterization/tables/08_subcluster_proportions_by_day.csv,3435,d09ec9f8dd7f4443455a671b5f0bab310502839ceb89c2bdbdddd474d556588b
results/reference_outputs/p3_dataset_characterization/tables/09_cluster_temporal_appearance.csv,366,180df6182771d37df42b3d915c40f9b08329387f6cef36bab92a6331b47ace33
results/reference_outputs/p3_dataset_characterization/tables/10_endocrine_state_counts_by_day.csv,425,95d9e2a07cdb3d64befd0b06d7aeb664bd71be2f2fa01274fdff8a6b1fe0fc6c
results/reference_outputs/p3_dataset_characterization/tables/11_endocrine_state_fraction_of_all_cells_by_day.csv,1734,ce61315dd8143272781bb8f1372ac7cdd8003253bcdb7b26a570803d727c489e
results/reference_outputs/p3_dataset_characterization/tables/12_endocrine_state_within_selected_states_by_day.csv,1708,83465d9a3365378d91a4478d4650011a4cd89113bf59bf28381bcfcaf75d13fc
results/reference_outputs/p3_dataset_characterization/tables/13_marker_mean_expression_by_day.csv,1621,cfed40b4f33c164dc73aee014ec97a05ef2a3e60ad742b8696422ced2196d723
results/reference_outputs/p3_dataset_characterization/tables/14_marker_median_expression_by_day.csv,406,9f6537ae60b2046f43c3e6e4f2a4e9d729b8d9d53714ee30d2547fc279d64854
results/reference_outputs/p3_dataset_characterization/tables/15_marker_detection_fraction_by_day.csv,1653,cf72ce052159e81f3ada349c516568964410dcc08a19c33120f881c87b11c546
results/reference_outputs/p3_dataset_characterization/tables/16_marker_mean_by_day_differentiation.csv,3229,4c24ddc1fe2a1cb4bb9b63bf3d97b759e5c184111001a306abc43d86fd8617e2
results/reference_outputs/p3_dataset_characterization/tables/17_marker_detection_by_day_differentiation.csv,3576,4232958c94e8f81fce591702db51d8c491e4d39a3f9ae6a4cb2cd0bc840f1e1d
results/reference_outputs/p3_dataset_characterization/tables/18_differentiation_composition_agreement.csv,497,1d1152687f7220d6bc5e709b65830e98b7aca3d77e1f083c99f24bf7205c3526
results/reference_outputs/p3_dataset_characterization/tables/19_pseudotime_cluster_counts_by_day.csv,258,447cdfe3c6e99eb39661611ed9acc013b36c993a9716a897c8a329bd4b30eceb
results/reference_outputs/p3_dataset_characterization/tables/20_pseudotime_branch_counts_by_day.csv,102,a3455f6ee0775664363ad2553fb90ad9e2f2bc19791b3c2e34cb36150ad7ab8c
results/reference_outputs/p4_endocrine_trajectory_validation/p4_endocrine_trajectory_validation_report.txt,8551,998e21e54e53f908b737941565e8b1fa3675bae8331df66b8180be7a2ce75ae3
results/reference_outputs/p4_endocrine_trajectory_validation/tables/01_cellday_vs_cellweek.csv,192,4b965c2c1b84c4d103e984c6a65678f9e41568e7128e76ad36ad282732dd7dcf
results/reference_outputs/p4_endocrine_trajectory_validation/tables/02_pseudotime_summary_by_day.csv,987,745bf2ce4d02b0a18ab03704113a65d2ddbf8b949dec4d8648ce40ebbc16b8fb
results/reference_outputs/p4_endocrine_trajectory_validation/tables/03_pseudotime_summary_by_cluster.csv,799,4a0c815069a3703b89e6f4cb2694b1a4b4677381b38506a6c8e3bbf1538d61e8
results/reference_outputs/p4_endocrine_trajectory_validation/tables/04_branch_cluster_counts.csv,138,fb662046c61fd0cba3b54201522ca644d1c01dd9bb31da7396bb81ed0f6675c6
results/reference_outputs/p4_endocrine_trajectory_validation/tables/05_branch_cluster_proportions.csv,292,6fd9fc07c049308c026023a527f47e8b8d00cfae68568aea5a6df0b25f7266ed
results/reference_outputs/p4_endocrine_trajectory_validation/tables/06_branch_beta_ec_enrichment.csv,211,70415777d53d1388fdb0533e785631d41d00c3a81905acfe92c839de5c2bad47
results/reference_outputs/p4_endocrine_trajectory_validation/tables/07_branch_counts_by_day.csv,102,a3455f6ee0775664363ad2553fb90ad9e2f2bc19791b3c2e34cb36150ad7ab8c
results/reference_outputs/p4_endocrine_trajectory_validation/tables/08_branch_proportions_by_day.csv,334,59c9a9835e5b392667e1d9064e356dda95cd00d90d2ee32014a8346fe6729285
results/reference_outputs/p4_endocrine_trajectory_validation/tables/09_branch_differentiation_counts.csv,46,6e74421df552575f5f5bc1fd7e8d909b299e513c4b73c7262ec3634f21f29601
results/reference_outputs/p4_endocrine_trajectory_validation/tables/10_branch_differentiation_proportions.csv,103,1759a966bce7e5264455668ed667e7b6e101b33d34b25abb041e481e6c1ba0a6
results/reference_outputs/p4_endocrine_trajectory_validation/tables/11_branch_differentiation_cluster_counts.csv,209,5bec224a6e5fd1b2771126e94bc17aec7b9b809c8fb51fed72a0a751bfb79629
results/reference_outputs/p4_endocrine_trajectory_validation/tables/12_branch_reproducibility.csv,188,6d8bbb82ced89503dcafebce7862dc6410c966396a4e3e04bc631d9499834a12
results/reference_outputs/p4_endocrine_trajectory_validation/tables/13_branch_pseudotime_monotonicity.csv,143,48b2b427fc78309cc29b8e343540d4553a98d50337a6bc424d013eb23ddd02e3
results/reference_outputs/p4_endocrine_trajectory_validation/tables/14_transition_landmarks.csv,856,05a9b68a4ca39d2b97ac405c11172755a077af7bd4d23dc78c13eeb50055812d
results/reference_outputs/p4b_replicate_trajectory_validation/p4b_replicate_trajectory_validation_report.txt,8606,d0a11881cfe3a726735664bd3ef12e57c37f847e6dacb02211883b08af6e2b38
results/reference_outputs/p4b_replicate_trajectory_validation/tables/01_day_pseudotime_correlations.csv,170,6a891b6fb0ac24e76802f896c608c340f0ed055a424f8e0139d6baa031ff0be7
results/reference_outputs/p4b_replicate_trajectory_validation/tables/02_daily_median_pseudotime_profiles.csv,846,4a2bd534f37a51b898b0cd8c3551ce62bd910449b4eb424a23d9f63ce8c8470f
results/reference_outputs/p4b_replicate_trajectory_validation/tables/03_daily_profile_monotonicity.csv,79,dc51f0890e2f694b5485279684a75250de04a72ec443d8ef4aeb53930b3b685a
results/reference_outputs/p4b_replicate_trajectory_validation/tables/04_cross_replicate_daily_profile_agreement.csv,154,dee3bdcad6ad72069797749a22cfd89f769fd73fd63c1401444678e56d450d2e
results/reference_outputs/p4b_replicate_trajectory_validation/tables/05_state_pseudotime_profiles.csv,1702,0dfd90c4a55e28775f1a8f6532a962a268ae1acd360974e6b7280c863f5211fe
results/reference_outputs/p4b_replicate_trajectory_validation/tables/06_cross_replicate_state_profile_agreement.csv,231,615e17d57fad04711e1eab78067abc67234b5150a13c4cad0dd15b479888343d
results/reference_outputs/p4b_replicate_trajectory_validation/tables/07_branch_endpoint_purity.csv,185,d37efd5df6ba97e595e9ff7a3093d672345675fa243f0cecb17e8240f868ee3c
results/reference_outputs/p4b_replicate_trajectory_validation/tables/08_transition_landmark_agreement.csv,1105,bb6436d94def720a75f1beed13dfe580177cb8975d67245a8cf3988720a3465e
results/reference_outputs/p5_preprocessing_state_space/p5_preprocessing_state_space_report.txt,6316,b94fd61a43162c4922a1ca0aa5358c681aef4f8dc10d08ece0066840fb4c2bb8
results/reference_outputs/p5_preprocessing_state_space/tables/01_qc_summary.csv,227,c722d324281eafdd1f9f570924662cb9e95440edd6883fdf23c360138c898ce8
results/reference_outputs/p5_preprocessing_state_space/tables/02_qc_medians_by_day.csv,213,3f91ec4aa2ea907b59e78835139c122a65285348a80b0d0304dac141b5d4ab63
results/reference_outputs/p5_preprocessing_state_space/tables/03_qc_medians_by_differentiation.csv,101,5c76c37b45f354a758c39ee8eebd87a576730354d5c85947e58cc1a0a572af52
results/reference_outputs/p5_preprocessing_state_space/tables/04_highly_variable_genes.csv,1133946,9572e0a36aa5df85a279f91e66506e5892541d440239f4a4b4f7ce320be77eb6
results/reference_outputs/p5_preprocessing_state_space/tables/05_pca_explained_variance.csv,3169,b3585dcc412e37d953f329a9facd4ea0eedb619036303c18b37a51968b987231
results/reference_outputs/p5_preprocessing_state_space/tables/06_top_gene_loadings_first10PCs.csv,10142,00f774116905d667e4713572c6848a5d80da2d6633f176cd5458e4f32b86c19e
results/reference_outputs/p6_state_space_sensitivity/p6_state_space_sensitivity_report.txt,7832,1c4aa8f4bd429f5c8921937c262e391180c01282aed2a3e06dbe711fb78735d1
results/reference_outputs/p6_state_space_sensitivity/tables/01_explained_variance_by_dimension.csv,148,cd9b725377893267558ca053fe25f8c38e59835b2d5dbeb6f4130f9f3eb93397
results/reference_outputs/p6_state_space_sensitivity/tables/02_distance_sample_cells.csv,120950,677b6c215d5d113abd8f9952567485ce055602baeaa2c93a057b1e80c33892e2
results/reference_outputs/p6_state_space_sensitivity/tables/03_pairwise_distance_preservation.csv,130,4b4d15977304c8ac86a7c26822b2b0d90568035c4a28da11f1ca8607fc004365
results/reference_outputs/p6_state_space_sensitivity/tables/04_knn_overlap_vs_50PC.csv,375,7cd27e8fb46aa4a6ac7138725e388447ed0114f0d4ac4000c624197cb8be5c46
results/reference_outputs/p6_state_space_sensitivity/tables/05_centroid_geometry_preservation.csv,139,fbc414410bd615a72161fffb9c04f09fc9b67575a07e80e1e6c41609d52212ca
results/reference_outputs/p6_state_space_sensitivity/tables/06_replicate_trajectory_geometry.csv,286,54144a73d2bb67efdb032e076da5d6cad0277e33bc5facccc46f59d7c5d77c6b
results/reference_outputs/p6_state_space_sensitivity/tables/07_cross_replicate_pseudotime_prediction.csv,2014,47b1ecddc235c17ba6f14eb4af96caec12761737a3fb87bff98e619a41d32c28
results/reference_outputs/p6_state_space_sensitivity/tables/08_pseudotime_generalization_summary.csv,385,e5b2b3f8e2be7b48a4352b181ce097101316d675aba15a337d210d8fc1c6b142
results/reference_outputs/p6_state_space_sensitivity/tables/09_cross_replicate_terminal_fate.csv,640,fe982f7a469a936fb541ff47353e6d504ad451bca2283a6e44ce18d47919ce6d
results/reference_outputs/p6_state_space_sensitivity/tables/10_terminal_fate_summary.csv,479,54fe6b82fc66fcd99da2c751bd3dc25d1fcee1647b8463818e1addd43eb468c0
results/reference_outputs/p6_state_space_sensitivity/tables/11_integrated_state_space_sensitivity.csv,1650,c801e08d8c0b0aaa6215d505b56ad448ee2e09c996285ad7c0518b16130fdc40
results/reference_outputs/p6_state_space_sensitivity/tables/12_primary_dimension_selection.csv,154,8979474c8db391f1194a7fefdf382033f44b91d40f00606770606195be97e940
results/reference_outputs/p6b_reference_geometry_validation/p6b_reference_geometry_validation_report.txt,8299,1f8c2ee293c4f8af896c618f97006134a8145a8888ba17692f03a0cc998540e4
results/reference_outputs/p6b_reference_geometry_validation/tables/01_pairwise_distance_concentration.csv,1287,e8bbda3bc40df81869cdd406fe1fc830160d932284468263a55b0a0bcb4b686f
results/reference_outputs/p6b_reference_geometry_validation/tables/02_adjacent_distance_convergence.csv,269,8a410a9c1ceeabf649f3f373885a02d5b1a77648633080e1ba8bc2e3bc3c14a1
results/reference_outputs/p6b_reference_geometry_validation/tables/03_local_neighbor_geometry.csv,1323,e076ebe8883a3353429ff3727af313bd722e00d2dc66489cda10ceb6bb815a39
results/reference_outputs/p6b_reference_geometry_validation/tables/04_adjacent_neighbor_overlap.csv,674,40e4c78562b634185ab7a734f28cb3b4afd5a4ee25ea8ca2ec24636953da1b19
results/reference_outputs/p6b_reference_geometry_validation/tables/05_local_scale_by_day_differentiation.csv,390,d9afdb19e07765c9ccaf24c0f7a3e8c1b3a81ae2646ea67fe1b36a87877e1680
results/reference_outputs/p6b_reference_geometry_validation/tables/06_branch_local_scale_reproducibility.csv,89,6d465155ffcacbf7c948d2867f246b34c5a87ad9857e9d365efa82c0d59fd13e
results/reference_outputs/p7_trajectory_assembly_validation/p7_trajectory_assembly_validation_report.txt,10647,14bdca401a8becfecd2b59d8eb5aabf9f11c1fb265d6a340d87aa796d0fccdf0
results/reference_outputs/p7_trajectory_assembly_validation/tables/01_group_sizes.csv,67,5ac4e82ead819e0a073bece157fb25ddae09b95f3062eb4f1d513e29a7c6a072
results/reference_outputs/p7_trajectory_assembly_validation/tables/02_window_configuration_summary.csv,3842,6b14ada737148f3317c465043edbeb3c0cb7f204f0ef05c02cd5f047cabe10da
results/reference_outputs/p7_trajectory_assembly_validation/tables/03_all_window_metadata.csv,169722,b5a20edba2310527a4f813b90c413791a277fdefa67f6060a99cf1612e0ee4ac
results/reference_outputs/p7_trajectory_assembly_validation/tables/04_primary_window_metadata.csv,47489,1c94dd3c3a2b61ef99b2b6b0e3bb4d4c70fd0c07d926f67b1c5920206b275e00
results/reference_outputs/p7_trajectory_assembly_validation/tables/05_primary_window_cell_membership.csv.gz,1161230,8d5d41676830778697345e54bec9ae084a02d645a82e8d82d7601f18a22edaf2
results/reference_outputs/p7_trajectory_assembly_validation/tables/06_primary_cell_coverage.csv,1541453,4bea2d8571b242da19865805a19d2265d65c516a9ecc9f624aac888bb529de19
results/reference_outputs/p7_trajectory_assembly_validation/tables/07_primary_state_landmark_window_mapping.csv,2147,ba10581e2fe82b9d59e765ae400148f09842f1bde4f4563269dba7e6838c6229
results/reference_outputs/p7_trajectory_assembly_validation/tables/08_primary_cross_replicate_parameter_agreement.csv,207,e8ef895110f5a2b51d8db935541ce948910a073d408991a6675668d786db59c1
results/reference_outputs/p7_trajectory_assembly_validation/tables/09_window_sensitivity_configuration_summary.csv,398,630d16e761cdde5112cd2d01d40c74a5f711235828727ad2e5fe1ca945652420
results/reference_outputs/p8_gdis_primary_analysis/p8_gdis_primary_analysis_report.txt,21566,49799e9770bb182e6373156c942db44c0ce8992a80eae08399ebfeae82e149d3
results/reference_outputs/p8_gdis_primary_analysis/tables/01_primary_gdis_summary.csv,1809,59cded62dbf6e4115d757bdc86c2c0f344a39c72d687ba6379712695e95b0d60
results/reference_outputs/p8_gdis_primary_analysis/tables/02_gdis_at_frozen_biological_landmarks.csv,3305,926f99ae2ed5bdf153a9bf06adb3cae5f00ef473cb77533cb59a949f0a2069a0
results/reference_outputs/p8_gdis_primary_analysis/tables/03_primary_cross_replicate_profile_agreement.csv,1063,bbb950eb8d36c6242fd0370cf5e71d14c799088c0b75a4fa76b0d4b5da96026f
results/reference_outputs/p8_gdis_primary_analysis/tables/04_window_size_sensitivity.csv,1749,9908b4baef4704b2d1c78f5be5c7d7ffb02995b3463ee83ca159e6a9b91a94ae
results/reference_outputs/p8_gdis_primary_analysis/tables/05_pca_dimension_sensitivity.csv,2390,0a3404ec1b7aef9782c02aba86347a47df5c3dc9da56d89be258348a5b6cb044
results/reference_outputs/p8_gdis_primary_analysis/tables/06_transition_weight_sensitivity.csv,72654,42ad062312559b500fd1b8dcff253f34a42c89759b71308d9b3ad6c0e6736207
results/reference_outputs/p8_gdis_primary_analysis/tables/07_transition_weight_summary.csv,1809,5028a5462a6cfd59a574416d089e88cd94e5d2d0d78666e9cd19881acb44d55f
results/reference_outputs/p8_gdis_primary_analysis/tables/08_primary_computational_checks.csv,240,de227968fced33332069daf1a7d4c1f3dbb0df0b2503ba4cb6f66cbc9ec05d5b
results/reference_outputs/p9_gdis_result_validation/p9_gdis_result_validation_report.txt,13260,7396809069ce6493a7bb3526f21e3c4b49772f9990ca7b14e9f448221accd5fd
results/reference_outputs/p9_gdis_result_validation/tables/01_event_localization_vs_neurog3_early.csv,1080,59ea70dc04bbedc9744ed1513835d0ceb2bd3ec9a1aeb4db721b516252085631
results/reference_outputs/p9_gdis_result_validation/tables/02_metric_values_at_frozen_landmarks.csv,3305,c0b7bb7b6a7bb744e0a01732f8772d647f794e3fcef54920c9fbb52a60f533bc
results/reference_outputs/p9_gdis_result_validation/tables/03_stage_to_stage_metric_changes.csv,2005,e69fceaa9453e8262e43dd1a7c1ed2d68fa1ce0928fd213f719abd70d3c2539c
results/reference_outputs/p9_gdis_result_validation/tables/04_replicate_event_location_agreement.csv,270,05aba92d945c757173c37d0c0378244589fd677f101f38029634c64d3e1cb125
results/reference_outputs/p9_gdis_result_validation/tables/05_branch_consensus_profiles.csv,283431,2b8be6af425e751c3715947362542558c8f2561fbca1e737ba3135ce90060dbc
results/reference_outputs/p9_gdis_result_validation/tables/06_branch_consensus_summary.csv,612,3ad6c34fa3141b26cc6a53360ee4467e2ad8211d6a2800a4e02f8b3958b0e386
results/reference_outputs/p9_gdis_result_validation/tables/07_cross_branch_common_phase_agreement.csv,389,8804c780773b40d46bdd128ae3f98d56eae2219506703e88382ffb75ab134958
run_all.ps1,5036,9511b8b7c74ec7b4e71344376a3aed5f845c9e70a1fb856448a9410cffaa21fd
run_all.sh,3640,e1d3a940a1b1370e73b37d3d4ff3d68b06593f081dcc7377912d0872ea351f30
scripts/p10_conventional_ews_benchmark.py,48493,d64c75480ab94f8591d27a5fd0d92b2a5310161efc02f625bdbe54f446b68570
scripts/p11_statistical_alignment_null_validation.py,47620,5e7c93eb5187b846b306f40aa1f83abc19034210278befd5d6baf7b7f034237e
scripts/p12_download_preflight_GSE175634.py,22412,d3aa4fd957189877ca65cbadb095baaf3caf4c41a1da10e5f075c7c192d9cfde
scripts/p13_GSE175634_trajectory_characterization.py,37283,22982c1cb2359e54897afcc6ef65ee5865f234d25b87afada18924e0837667ce
scripts/p14_GSE175634_external_validation_design_freeze.py,35287,000bb767ee0384e0f7edaef141e40ba695136fc1454ce43aa0cad4102664aa0f
scripts/p15_GSE175634_preprocessing_state_space.py,48464,5ccc5f44aef31cc7e3035b5d61eccfab3c0b3558c39f56246dfc5e9c401aaa83
scripts/p16_GSE175634_state_space_geometry_validation.py,53067,12b1bc47268f7b4d8157a296844eb35d936fda9e0475b4547b6090712166dd63
scripts/p17_GSE175634_trajectory_window_assembly.py,58854,adbb142242541fd6244d43d5f1086b466bd25ca3b782b1ef5aaabe789634af8c
scripts/p17b_GSE175634_transition_evaluability_freeze.py,25024,225d32537db478d16f2acaecd768040d48e7785d6a66e13121473af451b6f940
scripts/p18_GSE175634_primary_external_gdis.py,55573,8805007b836886ebb77e905985fc0294438e1928cd37cdbf0a3f2454ae5aa672
scripts/p19_GSE175634_external_gdis_statistical_validation.py,58017,6f8551cdebfd3e6c426f19f436b55fda7361ed2d9236d8f25a3953b4a3760b72
scripts/p1_download_data.py,5658,500d1346fce66ae44f7e76972671899f90daeffcb70e0e6ef4d64e512ce19bab
scripts/p20_GSE175634_external_gdis_sensitivity.py,33507,91cd74060a47eadfae5c5b8d0ced267fd24578774f9aaf255d4d6b073c779ef9
scripts/p21_GSE175634_conventional_ews_benchmark.py,46387,6ff49ec61cfccc1610141795817e96ecb3dd21b2087b30ce39bd31f5fef4b5a0
scripts/p22_GSE175634_benchmark_statistical_comparison.py,52824,b8469214a46791e278f21be9e40ca5d5c2ee77a5040fe4415201b10faede6eab
scripts/p23_GSE175634_external_validation_evidence_freeze.py,30747,9d4be6363adcfa5d55a2cce1c1bd79571c54b832c3246caa18fd02bc39ad9b94
scripts/p2_preflight_data.py,16177,f18dc845611477b474776fb36bba7f395715f32bd144ce8bd43ff9c196427f8f
scripts/p3_dataset_characterization.py,31908,a7a8d8d7fcbf3df7a78cc816e0fef5e72af5b41587430ce9a633ef02f2209ae8
scripts/p4_endocrine_trajectory_validation.py,33811,db738d2f1c8db325c323d6cb36aa679ae8f0fed9b092b20c3834b4c73178fa2a
scripts/p4b_replicate_trajectory_validation.py,31223,02f232c43d847126fe5bcd7481007896123aa0652e1fb45cb3a4cb5b53989a33
scripts/p5_preprocessing_state_space.py,38296,4bbd30013985c005d42d4794ab1294a6a6389425e87daf9a91f69c0aa0f7aff5
scripts/p6_state_space_sensitivity.py,46856,9581308aa90064d175d9ea2b9b1380d76a663814c466d32395e47d66d0963b1a
scripts/p6b_reference_geometry_validation.py,32235,16edfb4f8e1d402cf32f0a4f506534d874546072c7dc02b62b874b8f1c5c35c1
scripts/p7_trajectory_assembly_validation.py,53448,a5734ce740f6317e4d0b600c02622f0d689fc5091140fb0c2248d594f8f25f6e
scripts/p8_gdis_primary_analysis.py,53556,f904e19616d960a6051108b29def39bd27e0bc0437cb4eea89a238c1eb298b20
scripts/p9_gdis_result_validation.py,39693,40a0892b88c2bc3ac0c830b70f9c9e4951f3010d5fe8394d6269dc48f1678a6f
tools/check_environment.py,1581,311957c9ac85e368b4c0af8fcfc592ff5a01e48f4c68ec2006df29eb7f54e756
